Country,current,prior_year,prior_month,change,change_pct,share_current
United Kingdom,572282.6800,348894.5600,380887.5400,223388.1200,0.6403,0.9298
Netherlands,11728.0200,177.6000,4486.9100,11550.4200,65.0361,0.0191
EIRE,7140.8900,5132.7800,3054.3800,2008.1100,0.3912,0.0116
Germany,7024.1700,4982.0800,2452.1000,2042.0900,0.4099,0.0114
France,6538.9200,5011.3700,6510.6200,1527.5500,0.3048,0.0106
Norway,2745.7000,3787.1200,570.7900,-1041.4200,-0.2750,0.0045
Portugal,2416.1900,1412.5200,396.5600,1003.6700,0.7106,0.0039
Belgium,1288.7300,310.1000,2658.0800,978.6300,3.1559,0.0021
Finland,1072.7600,0.0000,1067.2800,1072.7600,,0.0017
USA,885.2400,0.0000,0.0000,885.2400,,0.0014
Greece,545.9900,0.0000,0.0000,545.9900,,0.0009
Austria,523.2000,0.0000,0.0000,523.2000,,0.0009
Spain,288.2100,620.0000,1544.9800,-331.7900,-0.5351,0.0005
Sweden,238.0000,0.0000,511.6900,238.0000,,0.0004
Iceland,224.8200,711.7900,0.0000,-486.9700,-0.6841,0.0004
Italy,200.4500,371.8000,85.9200,-171.3500,-0.4609,0.0003
Channel Islands,198.4000,313.5300,1303.1400,-115.1300,-0.3672,0.0003
Denmark,150.9000,1137.5000,0.0000,-986.6000,-0.8673,0.0002
Australia,0.0000,617.1500,1600.9200,-617.1500,-1.0000,0.0000
Japan,0.0000,4114.4800,0.0000,-4114.4800,-1.0000,0.0000
Lithuania,0.0000,1661.0600,0.0000,-1661.0600,-1.0000,0.0000
Poland,0.0000,248.1600,1361.2300,-248.1600,-1.0000,0.0000
Switzerland,0.0000,223.4000,6207.6700,-223.4000,-1.0000,0.0000
