Customer ID,country,revenue,orders,first_purchase,new_this_month,new_12m_lookback,revenue_excl_reversed,share_of_identified
16446,United Kingdom,168469.6000,1,2011-05-18 09:52:00,False,False,0.0000,0.3283
16000,United Kingdom,12393.7000,3,2011-12-07 12:14:00,True,True,12393.7000,0.0241
14646,Netherlands,11728.0200,3,2009-12-02 16:52:00,False,False,11728.0200,0.0229
18102,United Kingdom,11485.5400,3,2009-12-01 09:24:00,False,False,11485.5400,0.0224
17511,United Kingdom,7379.3200,2,2009-12-02 10:52:00,False,False,7379.3200,0.0144
14096,United Kingdom,7336.7200,1,2011-08-30 10:49:00,False,False,7336.7200,0.0143
14911,EIRE,6828.9200,9,2009-12-01 11:41:00,False,False,6828.9200,0.0133
17389,United Kingdom,5876.7800,3,2009-12-04 12:06:00,False,False,5876.7800,0.0115
16684,United Kingdom,5401.9800,1,2009-12-07 12:56:00,False,False,5401.9800,0.0105
13089,United Kingdom,4681.6200,4,2009-12-02 15:44:00,False,False,4681.6200,0.0091
15061,United Kingdom,3895.8600,1,2009-12-01 12:18:00,False,False,3895.8600,0.0076
15195,United Kingdom,3861.0000,1,2011-12-07 12:20:00,True,True,3861.0000,0.0075
16210,United Kingdom,3599.4000,1,2009-12-02 12:54:00,False,False,3599.4000,0.0070
15769,United Kingdom,3404.0000,1,2009-12-11 09:58:00,False,False,3404.0000,0.0066
13694,United Kingdom,3131.1600,3,2009-12-04 15:26:00,False,False,3131.1600,0.0061
15856,United Kingdom,3110.7000,6,2009-12-03 14:02:00,False,False,3110.7000,0.0061
17949,United Kingdom,2874.7200,5,2009-12-02 11:07:00,False,False,2874.7200,0.0056
13868,United Kingdom,2685.0000,1,2011-11-01 12:45:00,False,False,2685.0000,0.0052
16013,United Kingdom,2643.7200,2,2009-12-08 10:24:00,False,False,2643.7200,0.0052
12433,Norway,2638.6900,2,2010-08-20 09:23:00,False,False,2638.6900,0.0051
17857,United Kingdom,2560.1000,2,2010-03-08 12:09:00,False,False,2560.1000,0.0050
17841,United Kingdom,2551.3100,4,2009-12-02 15:41:00,False,False,2551.3100,0.0050
13777,United Kingdom,2516.7500,3,2009-12-02 09:47:00,False,False,2516.7500,0.0049
13098,United Kingdom,2365.7600,3,2011-01-26 13:46:00,False,False,2365.7600,0.0046
12471,Germany,1998.5100,1,2009-12-07 10:41:00,False,False,1998.5100,0.0039
14051,United Kingdom,1963.2000,2,2009-12-03 11:53:00,False,False,1963.2000,0.0038
16873,United Kingdom,1854.8300,1,2010-02-09 14:17:00,False,False,1854.8300,0.0036
13798,United Kingdom,1837.2400,3,2009-12-08 16:21:00,False,False,1837.2400,0.0036
15159,United Kingdom,1834.7900,3,2010-10-04 09:31:00,False,False,1834.7900,0.0036
17450,United Kingdom,1562.4000,1,2010-09-27 16:59:00,False,False,1562.4000,0.0030
16333,United Kingdom,1547.2000,2,2011-02-03 10:50:00,False,False,1547.2000,0.0030
15290,United Kingdom,1537.7100,3,2010-02-24 10:15:00,False,False,1537.7100,0.0030
12950,United Kingdom,1531.4000,2,2011-11-15 13:48:00,False,False,1531.4000,0.0030
13408,United Kingdom,1408.6200,3,2009-12-04 09:31:00,False,False,1408.6200,0.0027
18109,United Kingdom,1368.5100,3,2010-07-01 12:13:00,False,False,1368.5100,0.0027
13225,United Kingdom,1363.2000,1,2009-12-17 09:09:00,False,False,1363.2000,0.0027
12762,Portugal,1296.9300,1,2011-11-14 14:23:00,False,False,1296.9300,0.0025
17675,United Kingdom,1249.5800,2,2009-12-10 16:10:00,False,False,1249.5800,0.0024
14146,United Kingdom,1225.1600,1,2010-01-13 16:04:00,False,False,1225.1600,0.0024
15189,United Kingdom,1194.6600,3,2010-07-18 13:37:00,False,False,1194.6600,0.0023
12700,France,1188.7500,1,2011-05-08 16:10:00,False,False,1188.7500,0.0023
15640,United Kingdom,1186.4800,1,2009-12-14 16:36:00,False,False,1186.4800,0.0023
13685,United Kingdom,1184.9900,4,2011-10-10 12:59:00,False,False,1184.9900,0.0023
15311,United Kingdom,1176.0700,3,2009-12-01 11:21:00,False,False,1176.0700,0.0023
13969,United Kingdom,1141.9000,2,2010-03-25 13:15:00,False,False,1141.9000,0.0022
15123,United Kingdom,1129.8400,1,2010-03-16 09:49:00,False,False,1129.8400,0.0022
12621,Germany,1098.2000,1,2010-02-09 12:01:00,False,False,1098.2000,0.0021
14415,United Kingdom,1095.9500,1,2009-12-16 14:08:00,False,False,1095.9500,0.0021
17602,United Kingdom,1088.6900,1,2010-03-30 17:25:00,False,False,1088.6900,0.0021
12748,United Kingdom,1069.4200,9,2009-12-04 17:31:00,False,False,1069.4200,0.0021
17131,United Kingdom,1067.3300,1,2011-09-25 12:42:00,False,False,1067.3300,0.0021
13536,United Kingdom,1009.0000,2,2011-09-25 13:30:00,False,False,1009.0000,0.0020
17386,United Kingdom,989.0800,1,2010-11-19 13:40:00,False,False,989.0800,0.0019
13471,United Kingdom,985.1800,2,2011-10-23 13:10:00,False,False,985.1800,0.0019
17581,United Kingdom,984.6800,3,2009-12-03 12:34:00,False,False,984.6800,0.0019
16440,United Kingdom,975.4300,1,2010-08-03 11:32:00,False,False,975.4300,0.0019
16779,United Kingdom,957.0600,2,2009-12-03 13:03:00,False,False,957.0600,0.0019
16133,United Kingdom,937.1200,3,2010-03-31 12:21:00,False,False,937.1200,0.0018
17243,United Kingdom,935.5800,2,2009-12-01 15:36:00,False,False,935.5800,0.0018
14895,United Kingdom,925.6200,3,2009-12-10 14:22:00,False,False,925.6200,0.0018
16592,United Kingdom,918.1600,1,2009-12-18 15:57:00,False,False,918.1600,0.0018
14418,United Kingdom,897.3500,1,2011-08-23 17:18:00,False,False,897.3500,0.0017
18245,United Kingdom,894.2500,1,2010-03-08 15:26:00,False,False,894.2500,0.0017
17735,United Kingdom,893.6000,1,2010-07-30 13:25:00,False,False,893.6000,0.0017
13767,United Kingdom,885.9800,1,2009-12-01 10:52:00,False,False,885.9800,0.0017
15694,United Kingdom,871.6800,2,2009-12-07 15:43:00,False,False,871.6800,0.0017
15498,United Kingdom,864.9400,1,2009-12-16 17:27:00,False,False,864.9400,0.0017
18055,United Kingdom,863.7700,1,2010-10-22 13:27:00,False,False,863.7700,0.0017
17768,United Kingdom,861.8500,1,2009-12-02 12:26:00,False,False,861.8500,0.0017
16523,United Kingdom,855.6200,2,2010-01-24 13:14:00,False,False,855.6200,0.0017
13756,United Kingdom,846.4000,2,2009-12-15 15:18:00,False,False,846.4000,0.0016
16839,United Kingdom,840.4800,2,2010-02-11 15:02:00,False,False,840.4800,0.0016
13078,United Kingdom,839.0800,1,2009-12-01 09:06:00,False,False,839.0800,0.0016
15187,United Kingdom,832.4800,3,2011-05-11 13:49:00,False,False,832.4800,0.0016
15358,United Kingdom,830.0600,2,2009-12-07 12:19:00,False,False,830.0600,0.0016
15078,United Kingdom,823.0800,3,2009-12-04 12:03:00,False,False,823.0800,0.0016
12664,Finland,810.0000,1,2009-12-13 10:28:00,False,False,810.0000,0.0016
12955,United Kingdom,807.2200,2,2011-03-17 09:03:00,False,False,807.2200,0.0016
13521,United Kingdom,804.5100,2,2011-11-29 15:09:00,False,False,804.5100,0.0016
12912,United Kingdom,804.2400,2,2011-10-30 11:35:00,False,False,804.2400,0.0016
12713,Germany,794.5500,1,2011-12-09 12:16:00,True,True,794.5500,0.0015
12901,United Kingdom,780.0000,1,2011-03-14 10:41:00,False,False,780.0000,0.0015
17706,United Kingdom,775.8400,1,2010-01-19 12:13:00,False,False,775.8400,0.0015
14121,United Kingdom,771.1600,1,2011-10-11 10:39:00,False,False,771.1600,0.0015
17490,United Kingdom,771.1000,3,2010-05-19 12:40:00,False,False,771.1000,0.0015
14503,United Kingdom,770.8700,2,2011-06-14 10:00:00,False,False,770.8700,0.0015
16360,United Kingdom,764.3400,1,2011-09-12 13:50:00,False,False,764.3400,0.0015
17858,United Kingdom,763.7200,1,2009-12-06 15:41:00,False,False,763.7200,0.0015
12749,United Kingdom,763.0600,1,2010-07-06 15:05:00,False,False,763.0600,0.0015
17426,United Kingdom,756.6700,2,2010-02-17 13:39:00,False,False,756.6700,0.0015
14759,United Kingdom,755.1200,1,2011-04-21 10:55:00,False,False,755.1200,0.0015
12839,United Kingdom,752.3900,1,2009-12-07 09:18:00,False,False,752.3900,0.0015
15984,United Kingdom,745.7100,2,2009-12-01 13:38:00,False,False,745.7100,0.0015
17744,United Kingdom,730.3800,1,2010-11-24 09:34:00,False,False,730.3800,0.0014
17183,United Kingdom,713.7800,1,2011-08-26 15:25:00,False,False,713.7800,0.0014
12683,France,707.4800,1,2009-12-13 15:01:00,False,False,707.4800,0.0014
15194,United Kingdom,706.6400,1,2009-12-03 10:37:00,False,False,706.6400,0.0014
17677,United Kingdom,704.1600,2,2009-12-16 11:23:00,False,False,704.1600,0.0014
17364,United Kingdom,692.5100,3,2009-12-07 15:28:00,False,False,692.5100,0.0013
15023,United Kingdom,691.6400,1,2010-02-03 15:45:00,False,False,691.6400,0.0013
18097,United Kingdom,686.4000,1,2009-12-17 11:06:00,False,False,686.4000,0.0013
17593,United Kingdom,678.2000,1,2009-12-04 14:35:00,False,False,678.2000,0.0013
14250,United Kingdom,675.2200,2,2011-09-11 13:44:00,False,False,675.2200,0.0013
15484,United Kingdom,674.2500,1,2009-12-05 15:18:00,False,False,674.2500,0.0013
17730,United Kingdom,662.7000,1,2010-04-29 11:48:00,False,False,662.7000,0.0013
14688,United Kingdom,659.8700,2,2010-09-09 12:35:00,False,False,659.8700,0.0013
15156,United Kingdom,643.6900,2,2011-11-06 12:41:00,False,False,643.6900,0.0013
13199,United Kingdom,641.8200,3,2009-12-05 10:11:00,False,False,641.8200,0.0013
12583,France,640.7700,1,2009-12-06 11:57:00,False,False,640.7700,0.0012
17238,United Kingdom,640.4700,2,2009-12-01 10:59:00,False,False,640.4700,0.0012
13680,United Kingdom,638.3800,1,2009-12-04 14:14:00,False,False,638.3800,0.0012
14298,United Kingdom,637.6000,1,2009-12-11 13:49:00,False,False,637.6000,0.0012
15773,United Kingdom,635.6800,1,2010-10-26 15:27:00,False,True,635.6800,0.0012
14367,United Kingdom,633.5300,1,2011-03-08 14:12:00,False,False,633.5300,0.0012
14527,United Kingdom,631.9500,2,2009-12-02 12:06:00,False,False,631.9500,0.0012
14085,United Kingdom,630.9900,3,2009-12-08 13:41:00,False,False,630.9900,0.0012
17017,United Kingdom,630.6000,1,2009-12-03 13:22:00,False,False,630.6000,0.0012
17686,United Kingdom,629.3700,1,2010-06-24 09:49:00,False,False,629.3700,0.0012
14904,United Kingdom,628.4800,1,2010-10-08 12:48:00,False,False,628.4800,0.0012
12560,Germany,625.7000,1,2011-07-19 15:55:00,False,False,625.7000,0.0012
14897,United Kingdom,620.0600,1,2009-12-15 17:05:00,False,False,620.0600,0.0012
14440,United Kingdom,617.2500,1,2009-12-02 12:13:00,False,False,617.2500,0.0012
12646,USA,615.2800,1,2011-10-21 12:52:00,False,False,615.2800,0.0012
12766,Portugal,606.4300,1,2010-10-28 09:29:00,False,False,606.4300,0.0012
12562,France,600.3700,1,2010-09-30 13:13:00,False,False,600.3700,0.0012
16558,United Kingdom,598.9700,1,2009-12-03 18:11:00,False,False,598.9700,0.0012
16353,United Kingdom,594.0000,2,2009-12-07 13:55:00,False,False,594.0000,0.0012
16535,United Kingdom,593.7500,1,2010-11-19 13:01:00,False,True,593.7500,0.0012
13001,United Kingdom,591.0100,1,2009-12-03 16:21:00,False,False,591.0100,0.0012
17728,United Kingdom,587.8500,1,2010-09-12 14:58:00,False,False,587.8500,0.0011
14216,United Kingdom,586.5600,2,2010-10-21 15:07:00,False,False,586.5600,0.0011
13458,United Kingdom,584.5200,1,2010-11-16 14:01:00,False,False,584.5200,0.0011
12682,France,582.6300,1,2009-12-01 09:28:00,False,False,582.6300,0.0011
18223,United Kingdom,578.7200,1,2009-12-04 12:20:00,False,False,578.7200,0.0011
13881,United Kingdom,569.1200,1,2010-03-04 14:41:00,False,False,569.1200,0.0011
18092,United Kingdom,561.8400,1,2009-12-04 12:37:00,False,False,561.8400,0.0011
14395,United Kingdom,558.9900,1,2010-04-18 13:12:00,False,False,558.9900,0.0011
14291,United Kingdom,557.6900,2,2009-12-09 10:46:00,False,False,557.6900,0.0011
14735,United Kingdom,557.4400,1,2009-12-04 11:32:00,False,False,557.4400,0.0011
17173,United Kingdom,557.2000,1,2011-07-31 15:26:00,False,False,557.2000,0.0011
16426,United Kingdom,554.6000,3,2011-03-08 15:45:00,False,False,554.6000,0.0011
16242,United Kingdom,548.9100,1,2010-03-15 16:02:00,False,False,548.9100,0.0011
12478,Greece,545.9900,1,2011-12-06 09:56:00,True,True,545.9900,0.0011
15539,United Kingdom,538.4600,1,2011-12-02 13:36:00,True,True,538.4600,0.0010
12913,United Kingdom,535.1000,1,2009-12-01 12:18:00,False,False,535.1000,0.0010
14739,United Kingdom,534.9600,1,2009-12-02 13:23:00,False,False,534.9600,0.0010
16200,United Kingdom,530.0500,1,2009-12-02 15:04:00,False,False,530.0500,0.0010
13709,United Kingdom,528.3100,2,2010-01-11 10:40:00,False,False,528.3100,0.0010
15144,United Kingdom,525.9000,1,2009-12-13 11:35:00,False,False,525.9000,0.0010
16626,United Kingdom,524.2100,2,2011-03-18 12:27:00,False,False,524.2100,0.0010
12358,Austria,523.2000,1,2009-12-08 07:59:00,False,False,523.2000,0.0010
15547,United Kingdom,522.4100,1,2009-12-06 13:40:00,False,False,522.4100,0.0010
13949,United Kingdom,518.2300,1,2011-09-06 11:55:00,False,False,518.2300,0.0010
13890,United Kingdom,516.2000,3,2009-12-06 15:15:00,False,False,516.2000,0.0010
14493,United Kingdom,515.7000,1,2010-03-08 08:33:00,False,False,515.7000,0.0010
14649,United Kingdom,513.9900,1,2010-01-20 13:10:00,False,False,513.9900,0.0010
16201,United Kingdom,509.4000,1,2010-10-20 12:00:00,False,False,509.4000,0.0010
14608,United Kingdom,507.5500,1,2009-12-06 12:34:00,False,False,507.5500,0.0010
14031,United Kingdom,507.1200,1,2009-12-03 15:35:00,False,False,507.1200,0.0010
13102,United Kingdom,502.1300,2,2010-05-06 13:12:00,False,False,502.1300,0.0010
14546,United Kingdom,499.9900,1,2009-12-06 13:10:00,False,False,499.9900,0.0010
16701,United Kingdom,498.4400,1,2009-12-01 19:19:00,False,False,498.4400,0.0010
17584,United Kingdom,492.8500,1,2010-01-25 08:17:00,False,False,492.8500,0.0010
17920,United Kingdom,491.0700,2,2009-12-06 10:37:00,False,False,491.0700,0.0010
17566,United Kingdom,486.9500,1,2011-11-14 13:42:00,False,False,486.9500,0.0009
13153,United Kingdom,486.2200,1,2011-12-04 12:14:00,True,True,486.2200,0.0009
15531,United Kingdom,485.1300,1,2011-11-09 17:47:00,False,False,485.1300,0.0009
12985,United Kingdom,485.0000,1,2011-11-11 12:44:00,False,False,485.0000,0.0009
14194,United Kingdom,484.1000,1,2010-01-06 12:16:00,False,False,484.1000,0.0009
14251,United Kingdom,482.2800,1,2011-10-13 12:46:00,False,False,482.2800,0.0009
14547,United Kingdom,479.5000,2,2011-10-16 14:35:00,False,False,479.5000,0.0009
12569,Germany,479.0200,6,2011-04-01 13:47:00,False,False,479.0200,0.0009
14907,United Kingdom,476.3600,1,2010-04-16 13:40:00,False,False,476.3600,0.0009
16143,United Kingdom,475.5800,1,2009-12-10 09:44:00,False,False,475.5800,0.0009
12362,Belgium,475.0400,1,2011-02-17 10:30:00,False,False,475.0400,0.0009
14113,United Kingdom,471.9000,1,2009-12-08 07:42:00,False,False,471.9000,0.0009
14083,United Kingdom,469.5100,2,2009-12-18 11:34:00,False,False,469.5100,0.0009
15471,United Kingdom,469.4800,1,2010-06-07 12:17:00,False,True,469.4800,0.0009
14732,United Kingdom,464.1100,1,2009-12-09 10:48:00,False,False,464.1100,0.0009
17086,United Kingdom,459.8600,1,2011-10-07 11:22:00,False,False,459.8600,0.0009
13507,United Kingdom,456.3700,1,2011-07-17 11:50:00,False,False,456.3700,0.0009
17091,United Kingdom,450.8000,1,2009-12-16 15:45:00,False,False,450.8000,0.0009
16746,United Kingdom,449.9200,1,2009-12-04 13:00:00,False,False,449.9200,0.0009
15796,United Kingdom,447.6500,1,2010-03-31 13:10:00,False,False,447.6500,0.0009
15822,United Kingdom,445.2700,1,2009-12-06 15:12:00,False,False,445.2700,0.0009
18065,United Kingdom,443.6400,3,2009-12-09 16:00:00,False,False,443.6400,0.0009
17491,United Kingdom,442.9000,1,2010-04-28 11:57:00,False,False,442.9000,0.0009
14135,United Kingdom,442.9000,2,2009-12-02 08:58:00,False,False,442.9000,0.0009
13435,United Kingdom,442.3000,1,2010-07-27 16:56:00,False,False,442.3000,0.0009
18122,United Kingdom,441.1200,1,2011-07-12 11:37:00,False,False,441.1200,0.0009
17861,United Kingdom,438.5800,1,2009-12-10 11:27:00,False,False,438.5800,0.0009
12747,United Kingdom,438.5000,1,2009-12-07 13:23:00,False,False,438.5000,0.0009
16495,United Kingdom,437.9000,1,2011-03-08 16:38:00,False,False,437.9000,0.0009
15907,United Kingdom,437.0800,1,2011-05-13 13:01:00,False,False,437.0800,0.0009
16833,United Kingdom,435.2400,1,2010-03-26 15:31:00,False,False,435.2400,0.0008
12572,Germany,433.6800,1,2011-10-19 08:20:00,False,False,433.6800,0.0008
16358,United Kingdom,433.1600,1,2010-11-10 11:36:00,False,False,433.1600,0.0008
13323,United Kingdom,432.5500,2,2011-09-16 13:23:00,False,False,432.5500,0.0008
15157,United Kingdom,430.7000,1,2009-12-10 14:44:00,False,False,430.7000,0.0008
14397,United Kingdom,429.2000,2,2011-05-10 12:25:00,False,False,429.2000,0.0008
13183,United Kingdom,429.0600,1,2010-03-14 12:32:00,False,False,429.0600,0.0008
12970,United Kingdom,428.4400,2,2009-12-04 14:19:00,False,False,428.4400,0.0008
14796,United Kingdom,427.2300,1,2009-12-14 15:06:00,False,False,427.2300,0.0008
14191,United Kingdom,426.1200,1,2009-12-11 10:48:00,False,False,426.1200,0.0008
17449,United Kingdom,425.6900,1,2009-12-09 14:16:00,False,False,425.6900,0.0008
14708,United Kingdom,425.1900,1,2010-09-10 10:26:00,False,False,425.1900,0.0008
14056,United Kingdom,425.0200,1,2011-02-28 15:19:00,False,False,425.0200,0.0008
14766,United Kingdom,422.5200,1,2010-06-06 11:11:00,False,False,422.5200,0.0008
16033,United Kingdom,421.8700,1,2010-08-11 16:44:00,False,False,421.8700,0.0008
17567,United Kingdom,418.0000,1,2010-09-24 10:48:00,False,False,418.0000,0.0008
17757,United Kingdom,416.5500,2,2010-01-13 15:56:00,False,False,416.5500,0.0008
17428,United Kingdom,415.6000,1,2009-12-01 17:28:00,False,False,415.6000,0.0008
16496,United Kingdom,414.4800,1,2010-07-18 13:42:00,False,False,414.4800,0.0008
14292,United Kingdom,413.3200,2,2010-03-19 11:10:00,False,False,413.3200,0.0008
17827,United Kingdom,411.6500,1,2010-03-28 12:20:00,False,False,411.6500,0.0008
16931,United Kingdom,411.4400,1,2010-11-07 13:24:00,False,False,411.4400,0.0008
13953,United Kingdom,411.3200,1,2009-12-11 12:58:00,False,False,411.3200,0.0008
14178,United Kingdom,410.1200,1,2011-06-10 12:51:00,False,False,410.1200,0.0008
12490,France,408.3000,1,2009-12-01 12:52:00,False,False,408.3000,0.0008
17001,United Kingdom,407.6800,1,2010-03-25 12:41:00,False,False,407.6800,0.0008
14719,United Kingdom,406.4200,1,2011-04-04 14:17:00,False,False,406.4200,0.0008
13417,United Kingdom,404.8300,1,2010-02-08 12:39:00,False,False,404.8300,0.0008
14653,United Kingdom,403.0300,1,2009-12-02 11:51:00,False,False,403.0300,0.0008
16379,United Kingdom,401.6400,1,2011-09-22 09:33:00,False,False,401.6400,0.0008
13230,United Kingdom,397.2600,1,2010-03-18 20:02:00,False,False,397.2600,0.0008
17049,United Kingdom,396.0000,1,2010-03-04 10:23:00,False,False,396.0000,0.0008
17576,United Kingdom,395.0000,1,2009-12-03 16:54:00,False,False,395.0000,0.0008
17350,United Kingdom,394.9800,2,2010-02-01 15:38:00,False,False,394.9800,0.0008
14140,United Kingdom,394.0600,1,2011-11-08 11:20:00,False,False,394.0600,0.0008
16011,United Kingdom,393.9200,1,2009-12-01 12:02:00,False,False,393.9200,0.0008
14868,United Kingdom,390.0900,1,2010-10-15 14:52:00,False,False,390.0900,0.0008
14309,United Kingdom,389.8700,1,2010-06-07 10:24:00,False,False,389.8700,0.0008
17936,United Kingdom,389.8400,1,2011-12-04 13:32:00,True,True,389.8400,0.0008
17144,United Kingdom,388.6800,1,2011-09-16 12:50:00,False,False,388.6800,0.0008
12615,France,386.8500,1,2010-03-18 14:09:00,False,False,386.8500,0.0008
15898,United Kingdom,385.8900,1,2009-12-11 16:11:00,False,False,385.8900,0.0008
16966,United Kingdom,385.8000,1,2011-04-13 14:17:00,False,False,385.8000,0.0008
15380,United Kingdom,385.3000,1,2009-12-01 13:50:00,False,False,385.3000,0.0008
14456,United Kingdom,382.9600,1,2011-07-20 13:06:00,False,False,382.9600,0.0007
14422,United Kingdom,382.0100,1,2009-12-17 12:12:00,False,False,382.0100,0.0007
16954,United Kingdom,381.1200,2,2010-01-18 14:49:00,False,False,381.1200,0.0007
16642,United Kingdom,380.6000,1,2010-10-20 14:22:00,False,False,380.6000,0.0007
15443,United Kingdom,379.5100,1,2010-03-07 12:10:00,False,False,379.5100,0.0007
15172,United Kingdom,376.1000,1,2011-04-17 11:56:00,False,False,376.1000,0.0007
13736,United Kingdom,374.3700,1,2009-12-06 12:07:00,False,False,374.3700,0.0007
13040,United Kingdom,373.7400,1,2011-11-06 13:53:00,False,False,373.7400,0.0007
16759,United Kingdom,370.9400,1,2011-11-09 09:06:00,False,False,370.9400,0.0007
13126,United Kingdom,369.4400,1,2010-03-02 12:24:00,False,False,369.4400,0.0007
18272,United Kingdom,367.8800,1,2010-03-04 12:53:00,False,False,367.8800,0.0007
16145,United Kingdom,367.3900,1,2010-05-04 13:31:00,False,False,367.3900,0.0007
14673,United Kingdom,366.7700,1,2010-10-26 10:14:00,False,False,366.7700,0.0007
14655,United Kingdom,362.9100,1,2010-04-22 14:29:00,False,False,362.9100,0.0007
17937,United Kingdom,360.3000,1,2010-12-12 14:43:00,False,False,360.3000,0.0007
13298,United Kingdom,360.0000,1,2011-12-08 13:11:00,True,True,360.0000,0.0007
14282,United Kingdom,357.7000,2,2010-02-15 11:22:00,False,False,357.7000,0.0007
12828,United Kingdom,357.4000,2,2011-08-01 16:16:00,False,False,357.4000,0.0007
13534,United Kingdom,357.2000,1,2010-07-07 15:00:00,False,False,357.2000,0.0007
14606,United Kingdom,355.7100,2,2009-12-03 12:40:00,False,False,355.7100,0.0007
13090,United Kingdom,355.3800,1,2010-08-02 13:58:00,False,False,355.3800,0.0007
14092,United Kingdom,354.4600,2,2009-12-16 16:24:00,False,False,354.4600,0.0007
14629,United Kingdom,354.1800,1,2011-10-23 16:13:00,False,False,354.1800,0.0007
14401,United Kingdom,353.7800,1,2009-12-14 13:22:00,False,False,353.7800,0.0007
12673,Germany,353.6200,1,2010-11-03 10:46:00,False,False,353.6200,0.0007
14804,United Kingdom,353.2700,1,2011-12-01 11:20:00,True,True,353.2700,0.0007
14047,United Kingdom,351.1500,1,2010-02-01 10:05:00,False,False,351.1500,0.0007
16904,United Kingdom,349.0200,1,2010-10-24 16:03:00,False,False,349.0200,0.0007
13790,United Kingdom,348.8000,1,2011-12-05 15:48:00,True,True,348.8000,0.0007
17676,United Kingdom,347.6000,1,2010-03-30 10:49:00,False,False,347.6000,0.0007
15373,United Kingdom,345.5300,1,2010-05-02 11:57:00,False,False,345.5300,0.0007
13263,United Kingdom,344.2000,2,2010-10-22 17:07:00,False,False,344.2000,0.0007
14138,United Kingdom,344.1700,1,2011-10-07 09:38:00,False,False,344.1700,0.0007
12935,United Kingdom,343.7800,2,2010-04-11 15:59:00,False,False,343.7800,0.0007
15520,United Kingdom,343.5000,1,2011-12-08 10:58:00,True,True,343.5000,0.0007
14769,United Kingdom,341.9700,1,2009-12-16 09:17:00,False,False,341.9700,0.0007
13510,United Kingdom,341.8600,1,2009-12-21 11:53:00,False,False,341.8600,0.0007
15750,United Kingdom,340.3900,1,2009-12-01 17:19:00,False,False,340.3900,0.0007
12716,France,339.5900,1,2011-07-29 13:28:00,False,False,339.5900,0.0007
13104,United Kingdom,339.4800,1,2010-02-24 15:06:00,False,False,339.4800,0.0007
17629,United Kingdom,339.4500,1,2010-10-14 13:35:00,False,False,339.4500,0.0007
13113,United Kingdom,339.2000,1,2010-03-28 16:13:00,False,False,339.2000,0.0007
16169,United Kingdom,339.0200,1,2011-09-25 11:33:00,False,False,339.0200,0.0007
16933,United Kingdom,338.5000,1,2009-12-09 15:03:00,False,False,338.5000,0.0007
13318,United Kingdom,337.8000,2,2011-11-02 13:26:00,False,False,337.8000,0.0007
17914,United Kingdom,336.4300,1,2011-12-06 11:58:00,True,True,336.4300,0.0007
15568,United Kingdom,335.7700,1,2011-09-27 14:37:00,False,False,335.7700,0.0007
16539,United Kingdom,335.2000,1,2010-06-25 15:24:00,False,False,335.2000,0.0007
16905,United Kingdom,334.7000,1,2009-12-10 20:04:00,False,False,334.7000,0.0007
14869,United Kingdom,334.3900,1,2009-12-16 11:43:00,False,False,334.3900,0.0007
13269,United Kingdom,333.6800,1,2009-12-02 11:47:00,False,False,333.6800,0.0007
15951,United Kingdom,333.0500,1,2010-11-23 18:20:00,False,False,333.0500,0.0006
13668,United Kingdom,333.0200,1,2009-12-11 14:28:00,False,False,333.0200,0.0006
17644,United Kingdom,332.7600,1,2010-02-16 08:44:00,False,False,332.7600,0.0006
15274,United Kingdom,332.5800,1,2011-11-21 14:17:00,False,False,332.5800,0.0006
18225,United Kingdom,330.2800,1,2009-12-04 16:52:00,False,False,330.2800,0.0006
14702,United Kingdom,329.5800,2,2009-12-10 20:22:00,False,False,329.5800,0.0006
15804,United Kingdom,329.0500,1,2011-05-25 10:12:00,False,False,329.0500,0.0006
12994,United Kingdom,328.9500,1,2011-03-16 08:31:00,False,False,328.9500,0.0006
12925,United Kingdom,325.7400,1,2010-04-26 10:32:00,False,False,325.7400,0.0006
16938,United Kingdom,325.6300,1,2010-02-17 14:47:00,False,False,325.6300,0.0006
14110,United Kingdom,325.4400,1,2009-12-01 09:50:00,False,False,325.4400,0.0006
12719,France,325.3500,1,2011-10-05 14:50:00,False,False,325.3500,0.0006
12417,Belgium,324.7300,1,2009-12-06 10:30:00,False,False,324.7300,0.0006
17811,United Kingdom,324.5800,2,2010-09-20 11:24:00,False,False,324.5800,0.0006
16678,United Kingdom,323.9400,1,2011-03-02 09:24:00,False,False,323.9400,0.0006
13297,United Kingdom,323.5200,1,2010-06-15 12:35:00,False,False,323.5200,0.0006
14562,United Kingdom,323.3200,2,2010-02-07 14:10:00,False,False,323.3200,0.0006
17526,United Kingdom,323.1000,1,2009-12-17 16:18:00,False,False,323.1000,0.0006
16525,United Kingdom,321.7200,1,2009-12-02 13:53:00,False,False,321.7200,0.0006
17434,United Kingdom,321.3400,1,2011-09-15 13:54:00,False,False,321.3400,0.0006
17590,United Kingdom,320.9300,1,2011-10-30 14:05:00,False,False,320.9300,0.0006
13599,United Kingdom,319.6800,2,2009-12-01 12:30:00,False,False,319.6800,0.0006
13860,United Kingdom,319.4500,1,2011-09-14 09:27:00,False,False,319.4500,0.0006
17666,United Kingdom,319.0800,1,2010-06-30 12:03:00,False,False,319.0800,0.0006
15701,United Kingdom,318.9400,1,2011-08-21 12:36:00,False,False,318.9400,0.0006
16161,United Kingdom,318.5100,1,2010-02-08 11:06:00,False,False,318.5100,0.0006
18198,United Kingdom,318.4500,1,2011-01-07 13:39:00,False,False,318.4500,0.0006
13769,United Kingdom,317.9200,1,2009-12-16 11:59:00,False,False,317.9200,0.0006
14075,United Kingdom,316.7800,1,2010-08-26 13:42:00,False,False,316.7800,0.0006
16156,United Kingdom,315.6100,1,2009-12-02 17:06:00,False,False,315.6100,0.0006
14132,United Kingdom,315.1300,1,2011-06-09 12:04:00,False,False,315.1300,0.0006
15525,United Kingdom,314.6900,1,2010-11-22 12:10:00,False,False,314.6900,0.0006
16401,United Kingdom,312.7400,1,2010-06-02 13:13:00,False,False,312.7400,0.0006
13495,United Kingdom,312.6400,1,2009-12-07 12:12:00,False,False,312.6400,0.0006
15318,United Kingdom,312.6200,1,2011-12-06 11:30:00,True,True,312.6200,0.0006
12951,United Kingdom,312.2900,1,2010-01-10 12:43:00,False,False,312.2900,0.0006
15298,United Kingdom,312.2200,1,2009-12-08 17:04:00,False,False,312.2200,0.0006
16899,United Kingdom,311.5800,1,2010-11-07 15:00:00,False,False,311.5800,0.0006
15948,United Kingdom,311.0000,1,2010-10-11 12:16:00,False,False,311.0000,0.0006
14788,United Kingdom,310.9900,1,2010-04-22 18:16:00,False,False,310.9900,0.0006
14023,United Kingdom,310.9300,1,2011-04-03 15:50:00,False,False,310.9300,0.0006
18180,United Kingdom,310.7300,1,2011-07-20 08:59:00,False,False,310.7300,0.0006
13319,United Kingdom,309.1000,1,2009-12-06 14:46:00,False,False,309.1000,0.0006
17381,United Kingdom,308.1600,1,2010-06-09 12:55:00,False,False,308.1600,0.0006
14293,United Kingdom,307.1500,1,2009-12-10 10:57:00,False,False,307.1500,0.0006
16393,United Kingdom,306.7000,1,2009-12-01 12:13:00,False,False,306.7000,0.0006
17611,United Kingdom,306.0500,2,2009-12-01 13:29:00,False,False,306.0500,0.0006
14441,United Kingdom,305.7000,1,2010-01-18 10:40:00,False,False,305.7000,0.0006
13021,United Kingdom,305.4300,1,2009-12-05 12:02:00,False,False,305.4300,0.0006
17618,United Kingdom,304.8000,1,2010-01-24 11:03:00,False,False,304.8000,0.0006
14262,United Kingdom,304.7000,1,2011-04-13 12:23:00,False,False,304.7000,0.0006
15392,United Kingdom,304.4100,1,2010-10-04 12:50:00,False,False,304.4100,0.0006
12518,Germany,303.1400,1,2011-08-21 13:18:00,False,False,303.1400,0.0006
14621,United Kingdom,302.8600,1,2010-01-25 09:08:00,False,False,302.8600,0.0006
13924,United Kingdom,302.4000,1,2011-09-28 15:07:00,False,False,302.4000,0.0006
13854,United Kingdom,302.2800,1,2010-01-08 11:28:00,False,False,302.2800,0.0006
13394,United Kingdom,302.1000,1,2009-12-01 11:58:00,False,False,302.1000,0.0006
14189,United Kingdom,301.5600,1,2010-11-16 09:28:00,False,False,301.5600,0.0006
13267,United Kingdom,301.2000,1,2009-12-07 16:56:00,False,False,301.2000,0.0006
14696,United Kingdom,300.5400,1,2010-10-14 11:43:00,False,False,300.5400,0.0006
15932,United Kingdom,300.2200,1,2011-02-23 14:50:00,False,False,300.2200,0.0006
12952,United Kingdom,297.7300,1,2011-09-22 16:37:00,False,False,297.7300,0.0006
14060,United Kingdom,297.4800,1,2010-03-11 09:47:00,False,False,297.4800,0.0006
16711,United Kingdom,295.6000,1,2009-12-02 13:22:00,False,False,295.6000,0.0006
12364,Belgium,295.3200,1,2011-08-19 15:24:00,False,False,295.3200,0.0006
13013,United Kingdom,295.1000,1,2009-12-14 10:34:00,False,False,295.1000,0.0006
17451,United Kingdom,294.1800,1,2011-08-26 11:54:00,False,False,294.1800,0.0006
17954,United Kingdom,292.9600,1,2009-12-09 13:22:00,False,False,292.9600,0.0006
12720,Germany,292.4700,1,2010-07-21 09:46:00,False,False,292.4700,0.0006
13426,United Kingdom,291.7800,1,2009-12-09 15:16:00,False,False,291.7800,0.0006
14299,United Kingdom,289.5200,1,2009-12-02 10:58:00,False,False,289.5200,0.0006
12783,Portugal,288.5800,1,2011-09-25 15:35:00,False,False,288.5800,0.0006
12919,United Kingdom,287.9000,1,2011-06-23 09:22:00,False,False,287.9000,0.0006
17402,United Kingdom,286.8000,1,2009-12-16 17:40:00,False,False,286.8000,0.0006
15867,United Kingdom,285.5800,1,2009-12-14 15:16:00,False,False,285.5800,0.0006
13596,United Kingdom,285.4400,1,2011-11-27 11:57:00,False,False,285.4400,0.0006
16700,United Kingdom,283.8100,1,2009-12-02 10:51:00,False,False,283.8100,0.0006
16326,United Kingdom,283.5400,1,2010-01-28 13:23:00,False,False,283.5400,0.0006
13159,United Kingdom,282.5600,1,2011-08-16 11:44:00,False,False,282.5600,0.0006
13468,United Kingdom,280.9400,2,2009-12-03 13:32:00,False,False,280.9400,0.0005
13069,United Kingdom,280.2400,1,2010-06-14 14:27:00,False,False,280.2400,0.0005
13743,United Kingdom,275.7600,1,2011-03-25 14:46:00,False,False,275.7600,0.0005
17856,United Kingdom,275.4000,1,2011-03-03 11:40:00,False,False,275.4000,0.0005
16672,United Kingdom,270.0000,1,2011-03-18 10:15:00,False,False,270.0000,0.0005
12558,USA,269.9600,1,2011-12-02 10:41:00,True,True,269.9600,0.0005
15399,United Kingdom,266.6400,1,2011-09-21 15:57:00,False,False,266.6400,0.0005
15500,United Kingdom,266.2600,1,2011-09-19 13:47:00,False,False,266.2600,0.0005
14583,United Kingdom,264.9100,1,2010-03-28 15:16:00,False,False,264.9100,0.0005
17870,United Kingdom,264.9100,1,2010-11-23 11:39:00,False,False,264.9100,0.0005
12963,United Kingdom,264.6500,1,2010-07-08 14:45:00,False,False,264.6500,0.0005
14720,United Kingdom,262.6800,1,2011-08-05 12:06:00,False,False,262.6800,0.0005
12553,France,259.0200,1,2010-10-12 13:35:00,False,False,259.0200,0.0005
15136,United Kingdom,256.9000,2,2011-09-04 16:05:00,False,False,256.9000,0.0005
18077,United Kingdom,255.3400,1,2009-12-07 11:40:00,False,False,255.3400,0.0005
15883,United Kingdom,252.7200,1,2011-11-06 14:50:00,False,False,252.7200,0.0005
15687,United Kingdom,251.5900,1,2011-01-13 15:13:00,False,False,251.5900,0.0005
15877,United Kingdom,251.0200,1,2011-11-22 11:18:00,False,False,251.0200,0.0005
16705,United Kingdom,250.5200,1,2009-12-09 13:34:00,False,False,250.5200,0.0005
12680,France,249.4500,1,2011-08-18 15:44:00,False,False,249.4500,0.0005
15097,United Kingdom,248.0800,1,2010-05-05 14:22:00,False,True,248.0800,0.0005
15621,United Kingdom,248.0700,2,2011-11-18 11:49:00,False,False,248.0700,0.0005
13884,United Kingdom,247.1000,1,2010-08-26 19:57:00,False,False,247.1000,0.0005
17006,United Kingdom,247.0600,1,2010-03-05 13:33:00,False,False,247.0600,0.0005
16561,United Kingdom,246.1600,1,2011-10-11 09:53:00,False,False,246.1600,0.0005
14730,United Kingdom,244.9300,1,2011-03-08 12:49:00,False,False,244.9300,0.0005
16191,United Kingdom,244.6600,1,2009-12-11 12:24:00,False,False,244.6600,0.0005
16528,United Kingdom,244.4100,1,2011-12-06 12:45:00,True,True,244.4100,0.0005
13780,United Kingdom,243.7300,1,2010-10-28 19:51:00,False,False,243.7300,0.0005
12650,France,242.4400,1,2011-12-06 16:34:00,True,True,242.4400,0.0005
18219,United Kingdom,242.3700,1,2009-12-07 13:17:00,False,False,242.3700,0.0005
15021,United Kingdom,241.9700,1,2010-07-29 16:35:00,False,False,241.9700,0.0005
12526,Germany,241.0800,1,2011-09-06 14:19:00,False,False,241.0800,0.0005
16283,United Kingdom,240.6700,1,2010-02-28 14:12:00,False,False,240.6700,0.0005
16600,United Kingdom,240.3200,1,2009-12-18 12:59:00,False,False,240.3200,0.0005
17554,United Kingdom,238.3000,1,2011-07-14 20:01:00,False,False,238.3000,0.0005
17404,Sweden,238.0000,1,2010-01-07 11:31:00,False,False,238.0000,0.0005
15993,United Kingdom,235.4400,2,2011-10-26 16:21:00,False,False,235.4400,0.0005
13309,United Kingdom,234.8800,1,2010-11-12 12:10:00,False,False,234.8800,0.0005
16811,United Kingdom,232.3000,1,2011-11-22 17:19:00,False,False,232.3000,0.0005
18144,United Kingdom,232.0000,1,2009-12-16 15:57:00,False,False,232.0000,0.0005
13630,United Kingdom,232.0000,1,2011-02-27 12:49:00,False,False,232.0000,0.0005
16987,United Kingdom,231.9300,1,2009-12-02 14:34:00,False,False,231.9300,0.0005
16979,United Kingdom,231.7400,1,2010-09-15 14:30:00,False,False,231.7400,0.0005
17014,United Kingdom,231.2700,1,2011-10-04 11:36:00,False,False,231.2700,0.0005
13808,United Kingdom,229.1600,1,2011-09-04 12:07:00,False,False,229.1600,0.0004
14569,United Kingdom,227.3900,1,2010-04-15 11:49:00,False,True,227.3900,0.0004
14141,United Kingdom,226.3500,1,2011-08-26 14:40:00,False,False,226.3500,0.0004
12347,Iceland,224.8200,1,2010-10-31 14:20:00,False,False,224.8200,0.0004
17115,United Kingdom,224.6800,1,2009-12-05 12:13:00,False,False,224.6800,0.0004
12782,Portugal,224.2500,1,2010-07-08 13:31:00,False,False,224.2500,0.0004
17090,United Kingdom,224.0400,1,2010-07-19 16:02:00,False,False,224.0400,0.0004
17250,United Kingdom,221.8700,1,2011-03-23 16:45:00,False,False,221.8700,0.0004
15053,United Kingdom,219.1900,1,2011-03-03 12:06:00,False,False,219.1900,0.0004
17503,United Kingdom,218.5300,1,2011-11-01 11:12:00,False,False,218.5300,0.0004
17705,United Kingdom,218.0000,1,2010-05-12 09:47:00,False,False,218.0000,0.0004
16817,United Kingdom,217.3300,1,2010-10-04 09:06:00,False,False,217.3300,0.0004
17530,United Kingdom,215.8100,1,2009-12-06 16:17:00,False,False,215.8100,0.0004
15101,United Kingdom,215.2500,1,2010-04-28 15:00:00,False,False,215.2500,0.0004
17232,United Kingdom,213.4800,1,2011-11-25 12:24:00,False,False,213.4800,0.0004
13305,United Kingdom,213.1600,1,2010-03-10 14:49:00,False,False,213.1600,0.0004
12856,United Kingdom,213.1000,1,2011-10-07 12:38:00,False,False,213.1000,0.0004
13954,United Kingdom,212.5100,1,2011-09-30 10:52:00,False,False,212.5100,0.0004
13838,United Kingdom,212.1400,1,2010-05-09 11:40:00,False,False,212.1400,0.0004
16513,United Kingdom,211.8000,2,2011-10-27 14:56:00,False,False,211.8000,0.0004
18044,United Kingdom,210.9000,1,2010-05-28 15:31:00,False,False,210.9000,0.0004
12820,United Kingdom,210.3500,1,2009-12-05 13:37:00,False,False,210.3500,0.0004
18283,United Kingdom,208.0000,1,2010-02-19 17:16:00,False,False,208.0000,0.0004
15208,United Kingdom,207.6000,1,2010-10-12 12:17:00,False,False,207.6000,0.0004
12662,Germany,206.9500,1,2010-04-01 09:50:00,False,False,206.9500,0.0004
16929,United Kingdom,205.9400,1,2011-07-07 12:39:00,False,False,205.9400,0.0004
14794,United Kingdom,204.8600,1,2010-08-09 15:44:00,False,False,204.8600,0.0004
13017,United Kingdom,204.0000,1,2011-12-02 15:53:00,True,True,204.0000,0.0004
16015,United Kingdom,203.1000,1,2011-10-21 12:56:00,False,False,203.1000,0.0004
15628,United Kingdom,202.9500,1,2009-12-13 13:39:00,False,False,202.9500,0.0004
16764,United Kingdom,202.8700,1,2011-07-19 17:17:00,False,False,202.8700,0.0004
17221,United Kingdom,202.8500,1,2010-04-11 15:34:00,False,False,202.8500,0.0004
14428,United Kingdom,201.8600,1,2011-01-18 16:39:00,False,False,201.8600,0.0004
17754,United Kingdom,200.9900,1,2009-12-11 15:52:00,False,False,200.9900,0.0004
13026,United Kingdom,200.5200,1,2009-12-13 11:34:00,False,False,200.5200,0.0004
17528,United Kingdom,200.5000,1,2011-09-29 13:04:00,False,False,200.5000,0.0004
12584,Italy,200.4500,1,2011-03-04 15:15:00,False,False,200.4500,0.0004
17383,United Kingdom,199.2900,1,2010-09-12 14:54:00,False,True,199.2900,0.0004
14931,Channel Islands,198.4000,1,2011-04-13 09:32:00,False,False,198.4000,0.0004
17266,United Kingdom,197.5800,2,2010-03-09 10:42:00,False,False,197.5800,0.0004
12628,Germany,197.2500,1,2011-10-06 09:28:00,False,False,197.2500,0.0004
14446,United Kingdom,197.0900,1,2010-11-18 12:08:00,False,False,197.0900,0.0004
13436,United Kingdom,196.8900,1,2011-12-08 10:33:00,True,True,196.8900,0.0004
15572,United Kingdom,194.9800,1,2010-04-14 14:38:00,False,False,194.9800,0.0004
16368,United Kingdom,194.9500,1,2010-09-30 11:30:00,False,False,194.9500,0.0004
14087,United Kingdom,194.4200,1,2009-12-04 15:27:00,False,True,194.4200,0.0004
17293,United Kingdom,194.1300,1,2009-12-03 15:09:00,False,False,194.1300,0.0004
12423,Belgium,193.6400,1,2010-08-31 09:31:00,False,False,193.6400,0.0004
13882,United Kingdom,193.0800,1,2011-10-06 15:28:00,False,False,193.0800,0.0004
15271,United Kingdom,192.0800,1,2010-08-05 14:57:00,False,False,192.0800,0.0004
12724,France,190.2400,1,2010-06-22 14:00:00,False,False,190.2400,0.0004
17315,United Kingdom,190.1800,1,2010-09-27 12:45:00,False,False,190.1800,0.0004
13705,United Kingdom,189.1800,1,2010-03-25 17:19:00,False,False,189.1800,0.0004
13173,United Kingdom,187.7100,1,2009-12-10 12:52:00,False,False,187.7100,0.0004
16910,United Kingdom,186.8000,1,2011-09-09 14:14:00,False,False,186.8000,0.0004
13314,United Kingdom,186.4700,1,2011-09-27 10:20:00,False,False,186.4700,0.0004
17412,United Kingdom,186.4000,1,2009-12-02 13:51:00,False,False,186.4000,0.0004
16968,United Kingdom,186.1200,1,2011-08-24 10:51:00,False,False,186.1200,0.0004
17668,United Kingdom,185.9000,1,2011-11-01 14:45:00,False,False,185.9000,0.0004
17883,United Kingdom,184.8700,1,2010-02-25 20:07:00,False,False,184.8700,0.0004
14032,United Kingdom,183.1200,1,2009-12-14 12:02:00,False,False,183.1200,0.0004
15602,United Kingdom,180.8400,1,2009-12-02 09:35:00,False,False,180.8400,0.0004
16442,United Kingdom,179.7600,1,2009-12-13 11:05:00,False,False,179.7600,0.0004
16790,United Kingdom,179.5000,1,2011-11-02 11:23:00,False,False,179.5000,0.0003
18154,United Kingdom,178.7000,1,2010-08-06 09:18:00,False,False,178.7000,0.0003
17579,United Kingdom,178.0400,1,2010-05-10 14:28:00,False,False,178.0400,0.0003
18210,United Kingdom,177.9000,1,2010-11-22 09:39:00,False,False,177.9000,0.0003
15031,United Kingdom,175.5300,1,2009-12-08 13:38:00,False,False,175.5300,0.0003
16458,United Kingdom,175.5000,1,2010-05-26 14:38:00,False,False,175.5000,0.0003
13560,United Kingdom,174.3700,1,2011-12-02 13:11:00,True,True,174.3700,0.0003
15862,United Kingdom,173.1500,1,2009-12-17 11:33:00,False,False,173.1500,0.0003
17481,United Kingdom,172.4000,1,2011-09-07 09:57:00,False,False,172.4000,0.0003
17290,United Kingdom,172.2100,1,2009-12-13 13:28:00,False,False,172.2100,0.0003
14578,United Kingdom,168.6300,1,2011-12-06 17:18:00,True,True,168.6300,0.0003
15033,United Kingdom,167.8000,1,2011-01-14 13:28:00,False,False,167.8000,0.0003
14871,United Kingdom,167.6300,1,2009-12-01 11:57:00,False,False,167.6300,0.0003
15904,United Kingdom,164.6800,1,2011-12-01 14:50:00,True,True,164.6800,0.0003
13704,United Kingdom,164.6800,1,2011-09-12 14:40:00,False,False,164.6800,0.0003
13822,United Kingdom,163.6200,1,2011-10-30 15:55:00,False,False,163.6200,0.0003
12971,United Kingdom,161.9000,2,2009-12-15 19:04:00,False,False,161.9000,0.0003
12684,France,161.4000,1,2011-05-10 12:55:00,False,False,161.4000,0.0003
14204,United Kingdom,161.0300,1,2009-12-02 13:26:00,False,True,161.0300,0.0003
16076,United Kingdom,160.9800,1,2011-05-15 12:31:00,False,False,160.9800,0.0003
12704,Finland,158.7600,1,2011-06-23 10:20:00,False,False,158.7600,0.0003
17522,United Kingdom,158.4600,1,2011-05-05 16:31:00,False,False,158.4600,0.0003
15145,United Kingdom,158.3600,1,2011-04-05 15:20:00,False,False,158.3600,0.0003
17157,United Kingdom,157.5400,1,2009-12-04 13:00:00,False,False,157.5400,0.0003
14698,United Kingdom,157.1600,1,2011-10-19 12:54:00,False,False,157.1600,0.0003
13755,United Kingdom,156.9000,1,2011-10-07 15:45:00,False,False,156.9000,0.0003
13956,United Kingdom,156.5000,1,2011-03-13 12:51:00,False,False,156.5000,0.0003
17495,United Kingdom,154.9700,1,2010-11-14 11:50:00,False,False,154.9700,0.0003
14071,United Kingdom,154.5800,2,2011-03-20 11:33:00,False,False,154.5800,0.0003
13870,United Kingdom,152.7500,1,2010-02-08 12:08:00,False,False,152.7500,0.0003
14129,United Kingdom,152.5800,1,2010-05-09 14:54:00,False,False,152.5800,0.0003
13077,United Kingdom,151.8300,1,2009-12-11 11:17:00,False,False,151.8300,0.0003
12841,United Kingdom,151.0100,2,2010-07-08 15:38:00,False,False,151.0100,0.0003
12367,Denmark,150.9000,1,2011-12-05 16:48:00,True,True,150.9000,0.0003
15434,United Kingdom,150.9000,1,2010-01-24 15:35:00,False,False,150.9000,0.0003
16438,United Kingdom,149.8100,1,2011-09-18 13:31:00,False,False,149.8100,0.0003
14659,United Kingdom,149.4000,1,2011-01-28 12:43:00,False,False,149.4000,0.0003
16813,United Kingdom,148.5400,1,2011-05-19 13:28:00,False,False,148.5400,0.0003
17405,United Kingdom,148.4000,1,2011-07-12 14:17:00,False,False,148.4000,0.0003
13985,United Kingdom,147.5600,1,2010-02-09 13:56:00,False,False,147.5600,0.0003
16688,United Kingdom,145.7000,1,2011-10-10 12:23:00,False,False,145.7000,0.0003
17097,Spain,144.1500,1,2010-10-05 14:09:00,False,False,144.1500,0.0003
12442,Spain,144.0600,1,2011-12-06 14:22:00,True,True,144.0600,0.0003
12826,United Kingdom,142.6000,1,2009-12-18 10:43:00,False,False,142.6000,0.0003
15550,United Kingdom,142.3500,1,2009-12-03 15:15:00,False,False,142.3500,0.0003
16016,United Kingdom,140.6000,1,2010-11-02 13:27:00,False,False,140.6000,0.0003
17346,United Kingdom,137.0900,1,2010-04-18 12:18:00,False,False,137.0900,0.0003
15453,United Kingdom,135.2800,1,2011-06-05 12:37:00,False,False,135.2800,0.0003
14572,United Kingdom,135.0500,1,2010-03-28 13:47:00,False,False,135.0500,0.0003
15969,United Kingdom,135.0000,1,2010-07-05 13:10:00,False,False,135.0000,0.0003
16892,United Kingdom,134.9200,2,2009-12-08 14:20:00,False,False,134.9200,0.0003
15854,United Kingdom,134.7100,2,2009-12-10 12:08:00,False,False,134.7100,0.0003
15910,United Kingdom,133.3500,1,2010-01-21 11:51:00,False,False,133.3500,0.0003
14960,United Kingdom,132.9700,1,2011-06-21 13:38:00,False,False,132.9700,0.0003
14534,United Kingdom,130.8200,1,2010-03-15 14:16:00,False,False,130.8200,0.0003
12989,United Kingdom,129.1300,2,2009-12-10 13:27:00,False,False,129.1300,0.0003
15690,United Kingdom,128.7600,1,2011-08-31 11:40:00,False,False,128.7600,0.0003
15214,United Kingdom,128.7600,1,2011-04-11 09:46:00,False,False,128.7600,0.0003
16988,United Kingdom,126.1200,1,2010-11-25 09:22:00,False,True,126.1200,0.0002
18237,United Kingdom,125.7500,1,2011-07-28 13:05:00,False,False,125.7500,0.0002
14594,United Kingdom,124.8300,1,2010-12-01 13:54:00,False,False,124.8300,0.0002
16569,United Kingdom,124.2000,1,2009-12-16 15:05:00,False,True,124.2000,0.0002
14658,United Kingdom,124.0100,1,2011-08-14 15:42:00,False,False,124.0100,0.0002
13558,United Kingdom,122.6800,1,2011-10-02 13:01:00,False,False,122.6800,0.0002
17042,United Kingdom,121.5600,1,2011-04-06 14:53:00,False,False,121.5600,0.0002
16474,United Kingdom,121.1100,1,2011-07-17 14:51:00,False,False,121.1100,0.0002
18015,United Kingdom,120.0300,1,2011-12-05 14:49:00,True,True,120.0300,0.0002
14102,United Kingdom,118.5000,1,2011-10-26 12:46:00,False,False,118.5000,0.0002
17817,United Kingdom,117.9800,1,2010-10-13 15:07:00,False,False,117.9800,0.0002
16149,United Kingdom,116.8400,1,2010-10-06 15:54:00,False,False,116.8400,0.0002
13994,United Kingdom,116.1000,1,2011-07-14 18:28:00,False,False,116.1000,0.0002
16891,United Kingdom,115.9500,1,2009-12-04 12:37:00,False,False,115.9500,0.0002
15028,United Kingdom,114.7000,1,2010-11-10 14:32:00,False,False,114.7000,0.0002
17884,United Kingdom,114.6100,1,2009-12-04 16:23:00,False,False,114.6100,0.0002
17835,United Kingdom,114.1400,1,2011-11-16 16:30:00,False,False,114.1400,0.0002
16119,United Kingdom,113.8800,1,2009-12-16 11:56:00,False,False,113.8800,0.0002
16322,United Kingdom,113.6700,1,2011-11-03 14:33:00,False,False,113.6700,0.0002
17750,United Kingdom,113.3200,1,2011-06-28 15:44:00,False,False,113.3200,0.0002
16376,United Kingdom,112.7600,1,2011-11-22 16:47:00,False,False,112.7600,0.0002
17673,United Kingdom,112.4700,1,2010-03-19 14:02:00,False,False,112.4700,0.0002
12437,France,111.9000,1,2009-12-02 16:24:00,False,False,111.9000,0.0002
17631,United Kingdom,111.8300,1,2009-12-09 14:15:00,False,False,111.8300,0.0002
12827,United Kingdom,111.4500,1,2011-10-26 15:44:00,False,False,111.4500,0.0002
13083,United Kingdom,111.3600,1,2010-10-10 13:38:00,False,False,111.3600,0.0002
17830,United Kingdom,111.0500,1,2011-02-24 10:15:00,False,False,111.0500,0.0002
16682,United Kingdom,110.8600,1,2011-06-05 11:02:00,False,False,110.8600,0.0002
14910,United Kingdom,110.8000,1,2011-10-16 11:06:00,False,False,110.8000,0.0002
16359,United Kingdom,110.7300,1,2010-02-16 10:39:00,False,False,110.7300,0.0002
18005,United Kingdom,109.7500,1,2011-10-23 14:40:00,False,False,109.7500,0.0002
18030,United Kingdom,109.5500,1,2011-10-28 13:55:00,False,False,109.5500,0.0002
17218,United Kingdom,108.6900,1,2010-01-25 16:12:00,False,False,108.6900,0.0002
13311,United Kingdom,108.4600,1,2011-07-12 14:26:00,False,False,108.4600,0.0002
14243,United Kingdom,107.4200,1,2010-08-20 13:41:00,False,False,107.4200,0.0002
12381,Norway,107.0100,1,2011-08-12 09:57:00,False,False,107.0100,0.0002
16313,United Kingdom,106.5300,1,2011-10-21 09:04:00,False,False,106.5300,0.0002
14520,United Kingdom,105.6000,1,2011-02-22 09:15:00,False,False,105.6000,0.0002
18174,United Kingdom,104.0000,1,2010-04-15 12:17:00,False,True,104.0000,0.0002
12587,Finland,104.0000,1,2011-12-02 12:47:00,True,True,104.0000,0.0002
15344,United Kingdom,103.3000,1,2011-09-26 14:48:00,False,False,103.3000,0.0002
16851,United Kingdom,102.9900,1,2011-10-19 09:48:00,False,False,102.9900,0.0002
17254,United Kingdom,102.1300,1,2010-11-03 14:00:00,False,False,102.1300,0.0002
14825,United Kingdom,101.0900,1,2010-04-06 14:14:00,False,False,101.0900,0.0002
16794,United Kingdom,100.6600,1,2010-03-25 15:17:00,False,False,100.6600,0.0002
12877,United Kingdom,99.6600,1,2010-01-18 10:23:00,False,False,99.6600,0.0002
13509,United Kingdom,98.1000,1,2010-07-20 12:10:00,False,False,98.1000,0.0002
12962,United Kingdom,95.8500,1,2011-08-18 13:38:00,False,False,95.8500,0.0002
14217,United Kingdom,94.4800,1,2010-06-30 12:54:00,False,False,94.4800,0.0002
17436,United Kingdom,93.9000,1,2009-12-07 12:31:00,False,False,93.9000,0.0002
14287,United Kingdom,93.3500,1,2011-05-25 11:41:00,False,False,93.3500,0.0002
17114,United Kingdom,90.8900,1,2011-01-09 11:39:00,False,False,90.8900,0.0002
16597,United Kingdom,90.0400,1,2011-12-05 15:44:00,True,True,90.0400,0.0002
14219,United Kingdom,89.9400,1,2010-08-03 14:42:00,False,True,89.9400,0.0002
12695,France,85.1000,1,2010-02-12 13:22:00,False,False,85.1000,0.0002
15237,United Kingdom,83.6000,1,2011-04-26 15:04:00,False,False,83.6000,0.0002
16620,United Kingdom,83.2000,1,2009-12-01 14:35:00,False,False,83.2000,0.0002
14737,United Kingdom,82.8000,1,2010-11-04 11:29:00,False,False,82.8000,0.0002
16949,United Kingdom,82.0400,1,2011-01-27 12:11:00,False,False,82.0400,0.0002
16789,United Kingdom,80.8000,1,2011-12-01 15:12:00,True,True,80.8000,0.0002
14289,United Kingdom,78.4800,1,2011-02-23 12:33:00,False,False,78.4800,0.0002
16038,United Kingdom,78.4500,1,2011-05-22 11:29:00,False,False,78.4500,0.0002
18282,United Kingdom,77.8400,1,2011-08-05 13:35:00,False,False,77.8400,0.0002
17942,United Kingdom,77.5000,1,2011-12-02 10:45:00,True,True,77.5000,0.0002
14354,United Kingdom,75.8400,1,2011-11-09 15:36:00,False,False,75.8400,0.0001
14126,United Kingdom,62.5000,1,2010-09-21 14:51:00,False,False,62.5000,0.0001
17119,United Kingdom,59.6600,1,2011-10-11 11:03:00,False,False,59.6600,0.0001
12723,France,59.2800,1,2011-10-05 15:52:00,False,False,59.2800,0.0001
16500,United Kingdom,52.7400,1,2010-06-14 14:54:00,False,False,52.7400,0.0001
18273,United Kingdom,51.0000,1,2010-04-28 12:24:00,False,False,51.0000,0.0001
15992,United Kingdom,41.9900,1,2010-09-12 11:52:00,False,True,41.9900,0.0001
17321,United Kingdom,41.2500,1,2010-05-11 12:10:00,False,False,41.2500,0.0001
14560,United Kingdom,40.8000,1,2009-12-02 10:15:00,False,False,40.8000,0.0001
16989,United Kingdom,39.6000,1,2011-07-12 09:11:00,False,False,39.6000,0.0001
15570,United Kingdom,35.4000,1,2010-03-28 14:04:00,False,False,35.4000,0.0001
13404,United Kingdom,34.6800,1,2011-05-11 11:57:00,False,False,34.6800,0.0001
13079,United Kingdom,30.0000,1,2010-10-18 14:15:00,False,False,30.0000,0.0001
15060,United Kingdom,16.6100,1,2011-11-30 14:03:00,False,False,16.6100,0.0000
16103,United Kingdom,16.5000,1,2010-01-08 12:08:00,False,False,16.5000,0.0000
14865,United Kingdom,15.0000,1,2009-12-01 16:05:00,False,False,15.0000,0.0000
