date,window,day_of_month,weekday,revenue,orders,customers,largest_line,cancel_value,cum_revenue,reversed_value
2010-12-01,Dec 2010,1,Wednesday,57626.3300,127,95,1627.2000,297.7300,57626.3300,0.0000
2010-12-02,Dec 2010,2,Thursday,47715.3800,141,98,1576.8000,1541.1000,105341.7100,0.0000
2010-12-03,Dec 2010,3,Friday,44833.9800,68,50,1314.0000,1323.2500,150175.6900,0.0000
2010-12-05,Dec 2010,5,Sunday,31318.9900,88,75,525.6000,361.7100,181494.6800,0.0000
2010-12-06,Dec 2010,6,Monday,51873.4300,102,82,1627.2000,965.8700,233368.1100,0.0000
2010-12-07,Dec 2010,7,Tuesday,81519.3400,82,65,3828.0000,388.3200,314887.4500,0.0000
2010-12-08,Dec 2010,8,Wednesday,44308.6000,116,99,590.0000,933.0200,359196.0500,0.0000
2010-12-09,Dec 2010,9,Thursday,20530.9500,42,39,3794.4000,57.1500,379727.0000,0.0000
2011-11-01,Nov 2011,1,Tuesday,28873.1500,76,73,386.6400,413.6000,28873.1500,0.0000
2011-11-02,Nov 2011,2,Wednesday,45066.6700,85,79,960.0000,643.7800,73939.8200,0.0000
2011-11-03,Nov 2011,3,Thursday,62726.9800,102,86,3174.4000,617.7000,136666.8000,0.0000
2011-11-04,Nov 2011,4,Friday,62182.3900,93,72,1494.0000,2540.1200,198849.1900,0.0000
2011-11-06,Nov 2011,6,Sunday,42586.6000,102,88,399.6000,33.9400,241435.7900,0.0000
2011-11-07,Nov 2011,7,Monday,84326.5200,92,80,3549.0000,1697.9200,325762.3100,0.0000
2011-11-08,Nov 2011,8,Tuesday,54761.1400,107,94,477.6000,1019.3900,380523.4500,0.0000
2011-11-09,Nov 2011,9,Wednesday,34176.3600,61,49,1627.2000,2519.2900,414699.8100,0.0000
2011-12-01,Dec 2011,1,Thursday,50733.7700,121,111,780.0000,757.6200,50733.7700,0.0000
2011-12-02,Dec 2011,2,Friday,56104.7600,120,95,2685.0000,497.5700,106838.5300,0.0000
2011-12-04,Dec 2011,4,Sunday,24387.4300,66,58,488.1600,54.4000,131225.9600,0.0000
2011-12-05,Dec 2011,5,Monday,80132.3500,126,105,955.5000,467.2400,211358.3100,0.0000
2011-12-06,Dec 2011,6,Tuesday,55411.6900,114,103,1401.6000,2480.3400,266770.0000,0.0000
2011-12-07,Dec 2011,7,Wednesday,72922.7000,105,93,3861.0000,227.9900,339692.7000,0.0000
2011-12-08,Dec 2011,8,Thursday,77686.3100,120,105,3254.4000,1077.2200,417379.0100,0.0000
2011-12-09,Dec 2011,9,Friday,198114.2600,44,35,168469.6000,168564.3800,615493.2700,168469.6000
