month,revenue,orders,revenue_excl_reversed,trading_days,revenue_yoy,revenue_excl_reversed_yoy
2009-12,371246.7700,787,371246.7700,9,,
2010-01,142725.7200,166,142725.7200,5,,
2010-02,148633.8000,376,148633.8000,8,,
2010-03,210321.4400,493,210321.4400,8,,
2010-04,141427.9800,300,141427.9800,5,,
2010-05,160581.7700,344,160581.7700,6,,
2010-06,222619.8400,489,222619.8400,8,,
2010-07,187753.1300,451,187753.1300,8,,
2010-08,165881.1500,366,165881.1500,8,,
2010-09,189182.6700,394,189182.6700,8,,
2010-10,310794.3700,596,310794.3700,7,,
2010-11,405616.8100,659,405616.8100,8,,
2010-12,379727.0000,766,379727.0000,8,0.0228,0.0228
2011-01,123847.1200,218,123847.1200,5,-0.1323,-0.1323
2011-02,154347.0300,334,154347.0300,8,0.0384,0.0384
2011-03,177799.3300,380,177799.3300,8,-0.1546,-0.1546
2011-04,145040.1100,375,145040.1100,7,0.0255,0.0255
2011-05,154892.7900,411,154892.7900,7,-0.0354,-0.0354
2011-06,199996.9100,476,199996.9100,8,-0.1016,-0.1016
2011-07,183369.3100,406,183369.3100,7,-0.0233,-0.0233
2011-08,197907.0000,368,197907.0000,8,0.1931,0.1931
2011-09,230774.3300,484,230774.3300,8,0.2198,0.2198
2011-10,314986.7600,498,314986.7600,7,0.0135,0.0135
2011-11,414699.8100,718,414699.8100,8,0.0224,0.0224
2011-12,615493.2700,816,447023.6700,8,0.6209,0.1772
