InvoiceDate,revenue,orders,robust_z,largest_line_share
2011-12-09,198114.2600,44,13.5686,0.8504
2011-11-14,111531.1000,106,6.6531,0.0429
2011-09-20,108422.4700,70,6.4048,0.0659
2010-11-15,103610.9300,102,6.0205,0.0560
2010-09-27,102496.2500,85,5.9314,0.0436
2011-01-18,94394.8500,40,5.2844,0.8177
2010-11-04,89297.1300,131,4.8772,0.1771
2010-10-14,87023.6200,98,4.6956,0.0446
2011-11-07,84326.5200,92,4.4802,0.0421
2010-11-08,83322.5300,80,4.4000,0.0437
2010-12-07,81519.3400,82,4.2560,0.0470
2011-12-05,80132.3500,126,4.1452,0.0119
2010-11-10,79459.7700,130,4.0915,0.0328
