,Invoice,InvoiceDate,StockCode,Description,Quantity,Price,line_value,Customer ID,Country,reversed_by_cancellation
1065882,581483,2011-12-09 09:15:00,23843,"PAPER CRAFT , LITTLE BIRDIE",80995,2.0800,168469.6000,16446,United Kingdom,True
587080,541431,2011-01-18 10:01:00,23166,MEDIUM CERAMIC TOP STORAGE JAR,74215,1.0400,77183.6000,12346,United Kingdom,True
748132,556444,2011-06-10 15:28:00,22502,PICNIC BASKET WICKER 60 PIECES,60,649.5000,38970.0000,15098,United Kingdom,True
432176,530715,2010-11-04 11:36:00,84347,ROTATING SILVER ANGELS T-LIGHT HLDR,9360,1.6900,15818.4000,15838,United Kingdom,True
228042,511465,2010-06-08 12:59:00,15044A,PINK PAPER PARASOL ,3500,2.5500,8925.0000,18008,United Kingdom,False
873786,567423,2011-09-20 11:05:00,23243,SET OF TEA COFFEE SUGAR TINS PANTRY,1412,5.0600,7144.7200,17450,United Kingdom,False
578172,540815,2011-01-11 12:55:00,21108,FAIRY CAKE FLANNEL ASSORTED COLOUR,3114,2.1000,6539.4000,15749,United Kingdom,True
686007,550461,2011-04-18 13:20:00,21108,FAIRY CAKE FLANNEL ASSORTED COLOUR,3114,2.1000,6539.4000,15749,United Kingdom,False
461644,533027,2010-11-15 16:02:00,22086,PAPER CHAIN KIT 50'S CHRISTMAS ,835,6.9500,5803.2500,,United Kingdom,False
379875,525968,2010-10-08 10:10:00,84347,ROTATING SILVER ANGELS T-LIGHT HLDR,3120,1.6600,5179.2000,15838,United Kingdom,False
947062,573003,2011-10-27 12:11:00,23084,RABBIT NIGHT LIGHT,2400,2.0800,4992.0000,14646,Netherlands,False
578170,540815,2011-01-11 12:55:00,85123A,WHITE HANGING HEART T-LIGHT HOLDER,1930,2.5500,4921.5000,15749,United Kingdom,True
993265,576365,2011-11-14 17:55:00,22086,PAPER CHAIN KIT 50'S CHRISTMAS ,688,6.9500,4781.6000,,United Kingdom,False
686003,550461,2011-04-18 13:20:00,85123A,WHITE HANGING HEART T-LIGHT HOLDER,1930,2.4000,4632.0000,15749,United Kingdom,False
578233,540818,2011-01-11 12:57:00,48185,DOORMAT FAIRY CAKE,670,6.7500,4522.5000,15749,United Kingdom,False
358821,524181,2010-09-27 16:59:00,21622,VINTAGE UNION JACK CUSHION COVER,648,6.8900,4464.7200,17450,United Kingdom,False
769880,558526,2011-06-30 11:01:00,23173,REGENCY TEAPOT ROSES ,540,8.1500,4401.0000,17949,United Kingdom,False
686005,550461,2011-04-18 13:20:00,48185,DOORMAT FAIRY CAKE,670,6.3500,4254.5000,15749,United Kingdom,False
452200,532358,2010-11-11 17:05:00,84879,ASSORTED COLOUR BIRD ORNAMENT,2880,1.4500,4176.0000,12931,United Kingdom,False
816710,562439,2011-08-04 18:06:00,84879,ASSORTED COLOUR BIRD ORNAMENT,2880,1.4500,4176.0000,12931,United Kingdom,False
