,Invoice,StockCode,Description,Quantity,Price,median_price,line_value
748132,556444,22502,PICNIC BASKET WICKER 60 PIECES,60,649.5000,5.9500,38970.0000
192196,507637,84016,FLAG OF ST GEORGE CAR FLAG,1,1157.1500,0.4200,1157.1500
136403,502451,84016,FLAG OF ST GEORGE CAR FLAG,1,867.7900,0.4200,867.7900
230015,511634,22610,PENS ASSORTED FUNNY FACE,1152,0.7200,0.2100,829.4400
748143,556446,22502,PICNIC BASKET WICKER 60 PIECES,1,649.5000,5.9500,649.5000
442750,531516,22616,PACK OF 12 LONDON TISSUES ,585,1.0000,0.2900,585.0000
322303,520771,20725,LUNCH BAG RED SPOTTY,103,5.0600,1.6500,521.1800
461606,533027,22616,PACK OF 12 LONDON TISSUES ,513,1.0000,0.2900,513.0000
71112,495804,85172,HYACINTH BULB T-LIGHT CANDLES,35,12.7200,0.4200,445.2000
972462,574941,23207,LUNCH BAG ALPHABET DESIGN,86,4.9500,1.6500,425.7000
723152,553927,22610,PENS ASSORTED FUNNY FACE,576,0.7200,0.2100,414.7200
180997,506571,84016,FLAG OF ST GEORGE CAR FLAG,1,408.4000,0.4200,408.4000
143658,503061,22383,LUNCH BAG SUKI  DESIGN ,70,4.9500,1.6500,346.5000
305430,519196,20725,LUNCH BAG RED SPOTTY,64,5.0600,1.6500,323.8400
664096,548203,22662,LUNCH BAG DOLLY GIRL DESIGN,63,4.9500,1.6500,311.8500
143659,503061,22382,LUNCH BAG SPACEBOY DESIGN ,62,4.9500,1.6500,306.9000
143718,503061,21314,SMALL GLASS HEART TRINKET POT,44,6.9500,2.1000,305.8000
305118,519193,21212,PACK OF 72 RETRO SPOT CAKE CASES,143,2.1300,0.5500,304.5900
821476,562846,20725,LUNCH BAG RED RETROSPOT,61,4.9600,1.6500,302.5600
810829,561901,23186,FRENCH STYLE STORAGE JAR CAFE ,288,1.0400,0.2900,299.5200
