Country,revenue,orders,customers,FY1,FY2,share,aov,fy_change,cancel_value,cancel_rate
United Kingdom,16856330.9400,36184,5334,8108769.2800,8175278.9800,0.8556,465.8504,0.0082,635213.0600,0.0363
EIRE,623795.8500,581,3,352631.5500,264023.4100,0.0317,1073.6590,-0.2513,20388.7500,0.0317
Netherlands,549775.0600,216,22,265885.7200,272161.3200,0.0279,2545.2549,0.0236,3677.9800,0.0066
Germany,383847.6700,753,107,178277.7800,198545.7200,0.0195,509.7579,0.1137,8715.4900,0.0222
France,311288.3800,598,93,126705.6400,178043.8200,0.0158,520.5491,0.4052,17662.0400,0.0537
Australia,167867.5100,89,15,29696.2000,138171.3100,0.0085,1886.1518,3.6528,1517.8600,0.0090
Spain,97818.0700,144,38,42092.9600,55436.9000,0.0050,679.2922,0.3170,12955.1900,0.1170
Switzerland,94046.8900,85,22,40958.9900,53087.9000,0.0048,1106.4340,0.2961,1106.5300,0.0116
Sweden,86353.0400,99,19,49513.7100,36601.3300,0.0044,872.2529,-0.2608,1973.9700,0.0223
Denmark,67422.6900,42,12,49211.3500,18060.4400,0.0034,1605.3021,-0.6330,4067.1000,0.0569
Belgium,57012.6700,143,29,20085.3300,35638.6100,0.0029,398.6900,0.7744,394.2800,0.0069
Portugal,47406.8700,85,23,20391.7100,24598.9700,0.0024,557.7279,0.2063,630.2800,0.0131
Channel Islands,44040.2300,54,13,24032.7900,19809.0400,0.0022,815.5598,-0.1757,2188.5200,0.0473
Japan,43023.9100,33,10,5607.5400,37416.3700,0.0022,1303.7548,5.6725,3277.1400,0.0708
Norway,38575.3600,39,12,6120.7200,29708.9400,0.0020,989.1118,3.8538,161.6800,0.0042
Italy,28951.9500,59,17,13131.7100,15619.7900,0.0015,490.7110,0.1895,710.7000,0.0240
Finland,25180.1000,54,13,6835.2200,17272.1200,0.0013,466.2981,1.5269,90.4400,0.0036
Cyprus,24614.4400,35,11,11359.7500,13254.6900,0.0012,703.2697,0.1668,496.7000,0.0198
Austria,20297.0100,40,13,11554.3300,8219.4800,0.0010,507.4253,-0.2886,225.4100,0.0110
Greece,18711.1900,18,5,14285.6700,3879.5300,0.0009,1039.5106,-0.7284,50.7000,0.0027
Hong Kong,13875.2500,9,0,3922.2600,9952.9900,0.0007,1541.6944,1.5376,10.9500,0.0008
Singapore,13158.1600,8,1,4037.7700,9120.3900,0.0007,1644.7700,1.2588,-0.0000,-0.0000
Israel,11334.6600,10,4,3199.4000,8135.2600,0.0006,1133.4660,1.5427,227.4400,0.0197
Unspecified,10936.0100,24,6,6186.2200,4749.7900,0.0006,455.6671,-0.2322,22.0000,0.0020
United Arab Emirates,10273.2300,12,4,8408.4500,1864.7800,0.0005,856.1025,-0.7782,645.0800,0.0591
Poland,10214.2900,28,6,3239.6400,6974.6500,0.0005,364.7961,1.1529,374.3600,0.0354
USA,7920.0100,16,8,4339.6200,2695.1500,0.0004,495.0006,-0.3789,2080.3200,0.2080
Iceland,4921.5300,8,1,611.5300,4085.1800,0.0002,615.1912,5.6803,-0.0000,-0.0000
Lithuania,4892.6800,6,1,3231.6200,1661.0600,0.0002,815.4467,-0.4860,-0.0000,-0.0000
Malta,4757.3400,7,2,2686.7500,2070.5900,0.0002,679.6200,-0.2293,90.1200,0.0186
Canada,4332.1000,7,5,1216.6600,3115.4400,0.0002,618.8714,1.5606,-0.0000,-0.0000
RSA,3369.0300,3,2,2366.7200,1002.3100,0.0002,1123.0100,-0.5765,-0.0000,-0.0000
Bahrain,3109.7900,10,2,2355.6500,754.1400,0.0002,310.9790,-0.6799,248.2400,0.0739
Thailand,3070.5400,2,1,3070.5400,0.0000,0.0002,1535.2700,-1.0000,-0.0000,-0.0000
Lebanon,1905.5800,2,1,211.7000,1693.8800,0.0001,952.7900,7.0013,-0.0000,-0.0000
Brazil,1411.8700,2,2,268.2700,1143.6000,0.0001,705.9350,3.2629,-0.0000,-0.0000
Bermuda,1253.1400,1,0,1253.1400,0.0000,0.0001,1253.1400,-1.0000,-0.0000,-0.0000
European Community,1159.2500,3,1,0.0000,1159.2500,0.0001,386.4167,,8.5000,0.0073
Korea,1118.5100,2,2,1118.5100,0.0000,0.0001,559.2550,-1.0000,168.6900,0.1311
Czech Republic,786.7400,2,1,0.0000,786.7400,0.0000,393.3700,,115.0200,0.1276
West Indies,536.4100,1,1,536.4100,0.0000,0.0000,536.4100,-1.0000,-0.0000,-0.0000
Saudi Arabia,145.9200,1,1,0.0000,145.9200,0.0000,145.9200,,14.7500,0.0918
Nigeria,112.5700,1,1,112.5700,0.0000,0.0000,112.5700,-1.0000,147.0500,0.5664
