month,revenue,orders,customers,new_customers,aov,cancel_value,cancel_rate,revenue_yoy,trading_days
2009-12,801102.9700,1666,951,951,480.8541,19561.2800,0.0238,,21
2010-01,613850.8100,1049,701,368,585.1771,7465.6300,0.0120,,24
2010-02,539744.6800,1189,771,375,453.9484,12584.3900,0.0228,,24
2010-03,764333.8500,1647,1051,441,464.0764,9657.2000,0.0125,,27
2010-04,648993.8200,1435,939,294,452.2605,10025.2600,0.0152,,23
2010-05,645645.3900,1484,965,255,435.0710,37294.1400,0.0546,,24
2010-06,699316.0200,1612,1034,267,433.8189,26344.0100,0.0363,,26
2010-07,634896.9900,1507,924,185,421.2986,17132.7300,0.0263,,26
2010-08,676060.7200,1402,910,163,482.2116,12418.6500,0.0180,,26
2010-09,871878.3400,1789,1136,239,487.3551,27777.9700,0.0309,,26
2010-10,1098017.6700,2244,1492,375,489.3127,25550.0200,0.0227,,26
2010-11,1435680.1200,2719,1606,326,528.0177,35120.8800,0.0239,,26
2010-12,777931.7700,1550,884,76,501.8915,17607.8600,0.0221,-0.0289,20
2011-01,671933.1900,1081,739,72,621.5848,91526.3000,0.1199,0.0946,24
2011-02,508886.2000,1093,757,125,465.5866,8375.8700,0.0162,-0.0572,24
2011-03,691257.6100,1440,973,179,480.0400,10675.3000,0.0152,-0.0956,27
2011-04,516218.1200,1235,853,106,417.9904,33316.9100,0.0606,-0.2046,21
2011-05,741192.4100,1668,1054,111,444.3600,8948.2300,0.0119,0.1480,25
2011-06,738751.8700,1525,990,108,484.4275,13760.8400,0.0183,0.0564,26
2011-07,689364.4100,1452,946,101,474.7689,11409.2100,0.0163,0.0858,26
2011-08,725513.5000,1339,933,107,541.8323,22929.5200,0.0306,0.0731,26
2011-09,1030475.3600,1818,1259,188,566.8181,17044.6800,0.0163,0.1819,26
2011-10,1106669.8200,2005,1361,221,551.9550,43992.1600,0.0382,0.0079,26
2011-11,1457745.5300,2751,1660,191,529.8966,25010.5400,0.0169,0.0154,26
2011-12,615493.2700,816,614,28,754.2810,174126.7600,0.2205,-0.2088,8
