StockCode,description,revenue,units,orders,customers,FY1,FY2,cancel_value,cancel_rate,share,cum_share,abc,fy_change
23166,MEDIUM CERAMIC TOP STORAGE JAR,81700.9200,78033,247,138,0.0000,81448.2100,77479.6400,0.4867,0.0041,0.0719,A,81448.2100
23084,RABBIT NIGHT LIGHT,66964.9900,30788,994,450,0.0000,57321.9700,208.4000,0.0031,0.0034,0.1014,A,57321.9700
47566,PARTY BUNTING,148395.9800,28216,2674,894,48891.6500,98585.8500,1238.5500,0.0083,0.0075,0.0552,A,49694.2000
23298,SPOTTY BUNTING,43182.8300,8473,1146,573,0.0000,42417.9700,482.8100,0.0111,0.0022,0.2261,A,42417.9700
22502,PICNIC BASKET WICKER SMALL,60924.5000,3774,924,335,9497.8800,51426.6200,436.4200,0.0071,0.0031,0.1176,A,41928.7400
23203,JUMBO BAG VINTAGE DOILY,42067.7800,20503,1231,505,0.0000,40716.2000,1076.4000,0.0249,0.0021,0.2325,A,40716.2000
22720,SET OF 3 CAKE TINS PANTRY DESIGN,38158.3900,7493,1385,640,0.0000,37070.2400,744.9500,0.0191,0.0019,0.2564,A,37070.2400
23284,DOORMAT KEEP CALM AND COME IN,38166.6400,5491,728,378,0.0000,36591.9200,1601.2500,0.0403,0.0019,0.2545,A,36591.9200
22960,JAM MAKING SET WITH JARS,38431.1100,9031,1159,583,1302.2300,35860.8500,1012.7900,0.0257,0.0020,0.2467,A,34558.6200
23199,JUMBO BAG APPLES,30475.6500,14920,978,344,0.0000,29903.1500,1309.2500,0.0412,0.0015,0.3025,A,29903.1500
23245,SET OF 3 REGENCY CAKE TINS,31177.9500,6357,873,472,0.0000,29498.6600,421.5000,0.0133,0.0016,0.2963,A,29498.6600
23201,JUMBO BAG ALPHABET,27890.1700,13379,906,396,0.0000,26627.3900,1076.0200,0.0371,0.0014,0.3319,A,26627.3900
23355,HOT WATER BOTTLE KEEP CALM,28842.5500,5841,782,474,0.0000,24867.8700,417.6000,0.0143,0.0015,0.3175,A,24867.8700
79321,CHILLI LIGHTS,80873.2300,15918,1135,304,26755.4700,51478.0200,635.7500,0.0078,0.0041,0.0760,A,24722.5500
23173,REGENCY TEAPOT ROSES,24918.9300,2770,416,248,0.0000,24442.3700,436.4000,0.0172,0.0013,0.3692,A,24442.3700
85123A,WHITE HANGING HEART T-LIGHT HOLDER,258065.9100,94323,5365,1490,153547.1100,102292.3900,9387.1000,0.0351,0.0131,0.0299,A,-51254.7200
37503,TEA TIME CAKE STAND IN GIFT BOX,25471.3300,2469,522,256,25471.3300,0.0000,515.4500,0.0198,0.0013,0.3602,A,-25471.3300
21843,RED RETROSPOT CAKE STAND,65189.9500,6155,1527,599,43824.7000,20228.8500,5270.2500,0.0748,0.0033,0.1114,A,-23595.8500
84347,ROTATING SILVER ANGELS T-LIGHT HLDR,71361.6000,31433,756,300,44897.7700,23763.0500,330.4500,0.0046,0.0036,0.0911,A,-21134.7200
79323W,WHITE CHERRY LIGHTS,18048.7200,3004,349,174,18048.7200,0.0000,6421.1000,0.2624,0.0009,0.4585,A,-18048.7200
21232,STRAWBERRY CERAMIC TRINKET BOX,49400.5700,38077,2435,689,33136.7700,15469.6000,952.5900,0.0189,0.0025,0.1700,A,-17667.1700
21527,RED RETROSPOT TRADITIONAL TEAPOT,25087.7200,3360,831,352,21330.9300,3756.7900,1333.4800,0.0505,0.0013,0.3679,A,-17574.1400
84467,ENGLISH ROSE DESIGN QUILTED THROW,17477.6600,816,83,40,17477.6600,0.0000,79.9000,0.0046,0.0009,0.4675,A,-17477.6600
48138,DOORMAT UNION FLAG,67138.1900,10095,1664,678,41528.5900,24993.1100,359.4100,0.0053,0.0034,0.0980,A,-16535.4800
15056BL,EDWARDIAN PARASOL BLACK,47541.1500,9550,857,321,31712.3100,15380.9100,1071.3500,0.0220,0.0024,0.1849,A,-16331.4000
20914,SET/5 RED RETROSPOT LID GLASS BOWLS,52588.2100,18697,2030,647,34198.0100,17909.7100,1068.8000,0.0199,0.0027,0.1521,A,-16288.3000
21622,VINTAGE UNION JACK CUSHION COVER,20021.0900,3716,626,329,18008.7500,1992.5400,212.8500,0.0105,0.0010,0.4333,A,-16016.2100
15056N,EDWARDIAN PARASOL NATURAL,57999.2500,11290,1033,347,35822.7600,21662.6500,840.5500,0.0143,0.0029,0.1356,A,-14160.1100
35400,WOODEN BOX ADVENT CALENDAR,14070.7000,1443,419,241,13981.2000,89.5000,779.4500,0.0525,0.0007,0.5248,A,-13891.7000
79323P,PINK CHERRY LIGHTS,13787.9300,2281,265,132,13760.9300,27.0000,4021.3500,0.2258,0.0007,0.5326,A,-13733.9300
