StockCode,description,revenue,units,orders,customers,FY1,FY2,cancel_value,cancel_rate,share,cum_share,abc,revenue_excl_reversed_24h,FY2_excl_reversed_24h
23843,"PAPER CRAFT , LITTLE BIRDIE",168469.6000,80995,1,1,,,168469.6000,0.5000,0.0086,0.0476,A,0.0000,0.0000
23166,MEDIUM CERAMIC TOP STORAGE JAR,81700.9200,78033,247,138,0.0000,81448.2100,77479.6400,0.4867,0.0041,0.0719,A,4517.3200,4264.6100
23113,PANTRY CHOPPING BOARD,5868.5000,1154,57,39,0.0000,5806.4300,4803.0600,0.4501,0.0003,0.7344,A,5868.5000,5806.4300
85220,SMALL FAIRY CAKE FRIDGE MAGNETS,6875.0000,12236,5,4,6875.0000,0.0000,3645.6500,0.3465,0.0003,0.6974,A,6875.0000,0.0000
79323W,WHITE CHERRY LIGHTS,18048.7200,3004,349,174,18048.7200,0.0000,6421.1000,0.2624,0.0009,0.4585,A,18048.7200,0.0000
22341,LOVE GARLAND PAINTED ZINC,5702.1900,3469,240,128,4874.5600,811.1800,1858.2000,0.2458,0.0003,0.7411,A,5702.1900,811.1800
79323LP,LIGHT PINK CHERRY LIGHTS,8481.1900,1433,170,107,8481.1900,0.0000,2702.8000,0.2417,0.0004,0.6531,A,8481.1900,0.0000
79323P,PINK CHERRY LIGHTS,13787.9300,2281,265,132,13760.9300,27.0000,4021.3500,0.2258,0.0007,0.5326,A,13787.9300,27.0000
21108,FAIRY CAKE FLANNEL ASSORTED COLOUR,25435.5700,12980,613,325,7366.2900,17848.8600,6614.3700,0.2064,0.0013,0.3641,A,25435.5700,17848.8600
22656,VINTAGE BLUE KITCHEN CABINET,9290.0000,45,37,30,5605.0000,3685.0000,2368.5000,0.2032,0.0005,0.6324,A,9290.0000,3685.0000
22670,FRENCH WC SIGN BLUE METAL,5513.0700,4434,425,218,2995.0700,2358.4000,1340.5600,0.1956,0.0003,0.7468,A,5513.0700,2358.4000
21735,TWO DOOR CURIO CABINET,11112.8500,853,262,139,8535.4000,2577.4500,2535.6000,0.1858,0.0006,0.5895,A,11112.8500,2577.4500
22085,PAPER CHAIN KIT SKULLS,6886.8200,2539,230,141,5319.8300,1516.8000,1501.7500,0.1790,0.0003,0.6963,A,6886.8200,1516.8000
85063,CREAM SWEETHEART MAGAZINE RACK,5460.6400,310,180,104,5460.6400,0.0000,1060.7000,0.1627,0.0003,0.7504,A,5460.6400,0.0000
20829,GLITTER HANGING BUTTERFLY STRING,9841.8200,4828,481,207,7116.7700,2678.9900,1801.9600,0.1548,0.0005,0.6213,A,9841.8200,2678.9900
22655,VINTAGE RED KITCHEN CABINET,12845.0000,76,53,45,4720.0000,8125.0000,2320.5000,0.1530,0.0007,0.5535,A,12845.0000,8125.0000
22273,FELTCRAFT DOLL MOLLY,20192.2900,7369,810,423,8175.9500,11804.6000,3562.8000,0.1500,0.0010,0.4313,A,20192.2900,11804.6000
22618,COOKING SET RETROSPOT,7004.2500,720,242,180,6332.7200,671.5300,1226.0700,0.1490,0.0004,0.6914,A,7004.2500,671.5300
47566B,TEA TIME PARTY BUNTING,25836.9400,5808,761,350,14546.8200,11285.1700,4490.5000,0.1481,0.0013,0.3537,A,25836.9400,11285.1700
22191,IVORY DINER WALL CLOCK,16284.0500,1975,620,335,4312.9000,11716.8900,2703.8500,0.1424,0.0008,0.4855,A,16284.0500,11716.8900
