value_basis,top_share,gap_multiple,min_recency_days,customers,monetary,revenue_last_365d,revenue_FY2,default
monetary,0.1000,1.5000,60,81,1079344.2700,303191.9400,318598.7100,False
monetary,0.1000,1.5000,90,62,869373.1200,236848.9200,252040.5400,False
monetary,0.1000,1.5000,180,34,599243.8500,158893.1500,171690.8600,False
monetary,0.1000,2.0000,60,71,991260.2000,272765.0900,287956.7100,False
monetary,0.1000,2.0000,90,60,856863.9900,234937.0400,250128.6600,False
monetary,0.1000,2.0000,180,33,593255.0200,157626.9200,170424.6300,False
monetary,0.1000,3.0000,60,53,746137.9800,114748.1600,129152.3800,False
monetary,0.1000,3.0000,90,47,660045.9400,92908.6700,107312.8900,False
monetary,0.1000,3.0000,180,28,447670.5100,31130.3100,43928.0200,False
monetary,0.2000,1.5000,60,207,1562555.3000,444941.5300,474340.2700,False
monetary,0.2000,1.5000,90,169,1280356.8800,339985.1800,367705.7900,False
monetary,0.2000,1.5000,180,103,862885.9700,194667.1700,218287.5800,False
monetary,0.2000,2.0000,60,171,1375323.5600,370398.1300,398807.2200,False
monetary,0.2000,2.0000,90,151,1204187.7300,311825.4600,339546.0700,True
monetary,0.2000,2.0000,180,99,843612.5000,188739.7600,212360.1700,False
monetary,0.2000,3.0000,60,129,1037405.3300,178804.4800,205428.8400,False
monetary,0.2000,3.0000,90,120,938563.7800,148108.1600,174616.2700,False
monetary,0.2000,3.0000,180,84,662726.7900,54395.1600,77590.4700,False
monetary_excl_reversed,0.1000,1.5000,60,80,1000656.6900,227598.1600,243004.9300,False
monetary_excl_reversed,0.1000,1.5000,90,61,790685.5400,161255.1400,176446.7600,False
monetary_excl_reversed,0.1000,1.5000,180,33,520556.2700,83299.3700,96097.0800,False
monetary_excl_reversed,0.1000,2.0000,60,69,907205.6000,195581.4900,210773.1100,False
monetary_excl_reversed,0.1000,2.0000,90,58,772809.3900,157753.4400,172945.0600,False
monetary_excl_reversed,0.1000,2.0000,180,31,509200.4200,80443.3200,93241.0300,False
monetary_excl_reversed,0.1000,3.0000,60,52,739436.3400,114748.1600,129152.3800,False
monetary_excl_reversed,0.1000,3.0000,90,46,653344.3000,92908.6700,107312.8900,False
monetary_excl_reversed,0.1000,3.0000,180,27,440968.8700,31130.3100,43928.0200,False
monetary_excl_reversed,0.2000,1.5000,60,206,1481385.8100,369098.2500,398496.9900,False
monetary_excl_reversed,0.2000,1.5000,90,168,1199187.3900,264141.9000,291862.5100,False
monetary_excl_reversed,0.2000,1.5000,180,102,781716.4800,118823.8900,142444.3000,False
monetary_excl_reversed,0.2000,2.0000,60,170,1294154.0700,294554.8500,322963.9400,False
monetary_excl_reversed,0.2000,2.0000,90,150,1123018.2400,235982.1800,263702.7900,False
monetary_excl_reversed,0.2000,2.0000,180,98,762443.0100,112896.4800,136516.8900,False
monetary_excl_reversed,0.2000,3.0000,60,128,1030703.6900,178804.4800,205428.8400,False
monetary_excl_reversed,0.2000,3.0000,90,119,931862.1400,148108.1600,174616.2700,False
monetary_excl_reversed,0.2000,3.0000,180,83,656025.1500,54395.1600,77590.4700,False
