cohort,size,m1,m3,m6,m12
2009-12,951,0.3502,0.4248,0.3764,0.3764
2010-01,368,0.2147,0.3152,0.2690,0.2283
2010-02,375,0.2347,0.2933,0.1920,0.1520
2010-03,441,0.1905,0.2426,0.2472,0.1995
2010-04,294,0.1905,0.1599,0.2755,0.1429
2010-05,255,0.1569,0.1765,0.2118,0.1529
2010-06,267,0.1760,0.2060,0.1273,0.1498
2010-07,185,0.1568,0.2973,0.1135,0.1297
2010-08,163,0.1963,0.3252,0.0982,0.1472
2010-09,239,0.2301,0.1297,0.1381,0.2259
2010-10,375,0.2587,0.1253,0.1307,0.1920
2010-11,326,0.1748,0.0951,0.1288,0.2515
2010-12,76,0.0921,0.0921,0.0526,0.0263
2011-01,72,0.1667,0.1944,0.1528,
2011-02,125,0.1600,0.1840,0.1600,
2011-03,179,0.1788,0.2011,0.2067,
2011-04,106,0.2453,0.1981,0.1792,
2011-05,111,0.2342,0.1622,0.2613,
2011-06,108,0.2315,0.2685,0.0833,
2011-07,101,0.2079,0.2772,,
2011-08,107,0.2617,0.2617,,
2011-09,188,0.2713,0.1489,,
2011-10,221,0.3167,,,
2011-11,191,0.1414,,,
2011-12,28,,,,
