Customer ID,country,monetary,monetary_excl_reversed,reversed_value,revenue_FY2,revenue_last_365d,cancel_value,invoices,purchase_days,first_day,last_day,recency_days,usual_gap_days,segment,value_rank,starts_dec2009,single_order_dominated,largest_day_share,cancel_rate,distortion_flags,recency_over_gap
12346,United Kingdom,77352.9600,169.3600,77183.6000,77183.6000,77183.6000,77183.6000,3,3,2010-03-02,2011-01-18,326,161.0000,At risk,19,False,True,0.9978,0.4995,reversed>=50%;reversed_sale;big_order_reversed(analysis);single_order_dominated;high_cancel,2.0248
16754,United Kingdom,65500.0700,57108.6300,8391.4400,2002.4000,0.0000,10807.2500,29,19,2010-03-08,2010-12-02,373,11.0000,Can't lose,23,False,False,0.1840,0.1416,reversed_sale,33.9091
13093,United Kingdom,54144.2500,54144.2500,0.0000,7832.4700,7033.0700,860.9500,55,43,2009-12-04,2011-03-09,276,11.0000,Can't lose,30,True,False,0.0631,0.0157,starts_dec2009,25.0909
17850,United Kingdom,51208.8700,51208.8700,0.0000,5391.2100,0.0000,896.9500,155,23,2009-12-05,2010-12-02,373,1.5000,Can't lose,32,True,False,0.1388,0.0172,starts_dec2009,248.6667
15749,United Kingdom,44534.3000,44534.3000,0.0000,44534.3000,44534.3000,22998.4000,3,2,2011-01-11,2011-04-18,236,97.0000,At risk,38,False,True,0.5164,0.3406,big_order_reversed(analysis);single_order_dominated;high_cancel,2.4330
13902,Denmark,34023.2600,34023.2600,0.0000,0.0000,0.0000,3648.0000,5,5,2009-12-15,2010-03-17,633,26.5000,Can't lose,48,True,False,0.4989,0.0968,starts_dec2009,23.8868
13802,United Kingdom,26259.1100,25839.1100,420.0000,4599.4200,4599.4200,767.5500,19,18,2010-02-16,2011-07-24,139,21.0000,Loyal,67,False,False,0.1019,0.0284,reversed_sale,6.6190
12482,Sweden,21941.7200,21941.7200,0.0000,0.0000,0.0000,-0.0000,27,5,2010-02-24,2010-05-12,577,17.0000,Can't lose,84,False,False,0.2934,-0.0000,,33.9412
15808,United Kingdom,17388.4800,17388.4800,0.0000,3734.9700,2713.5200,161.1000,21,21,2009-12-01,2011-02-06,307,21.0000,Can't lose,115,True,False,0.0983,0.0092,starts_dec2009,14.6190
13027,United Kingdom,17335.2000,17335.2000,0.0000,6912.0000,6912.0000,96.0000,19,19,2010-01-20,2011-08-18,114,27.5000,Loyal,117,False,False,0.1163,0.0055,,4.1455
16553,United Kingdom,16644.0100,16644.0100,0.0000,5719.8200,5719.8200,83.8900,33,16,2010-02-11,2011-06-29,164,27.0000,Loyal,125,False,False,0.2424,0.0050,,6.0741
16180,United Kingdom,16249.8700,16249.8700,0.0000,10254.1800,10254.1800,79.6000,13,11,2010-06-23,2011-08-31,101,24.5000,Loyal,130,False,False,0.1426,0.0049,,4.1224
12980,United Kingdom,16245.7800,16245.7800,0.0000,7374.9000,7374.9000,336.3900,21,21,2009-12-02,2011-07-05,158,27.5000,Loyal,131,True,False,0.0819,0.0203,starts_dec2009,5.7455
13564,United Kingdom,16090.8000,16084.8500,5.9500,1198.3800,658.3800,267.1200,36,25,2009-12-02,2010-12-20,355,15.0000,Can't lose,132,True,False,0.0764,0.0163,reversed_sale;starts_dec2009,23.6667
15768,United Kingdom,15601.0900,15601.0900,0.0000,621.8300,621.8300,1.6300,34,33,2009-12-03,2011-08-16,116,7.0000,Loyal,140,True,False,0.0631,0.0001,starts_dec2009,16.5714
17448,United Kingdom,14481.9700,14481.9700,0.0000,0.0000,0.0000,76.6100,41,13,2010-03-04,2010-06-28,530,4.0000,Can't lose,150,False,False,0.1721,0.0053,,132.5000
18087,United Kingdom,13908.7200,13908.7200,0.0000,3202.9200,3202.9200,345.1000,16,13,2009-12-01,2011-02-22,291,27.0000,Can't lose,161,True,False,0.4125,0.0242,starts_dec2009,10.7778
13952,United Kingdom,12823.5200,12823.5200,0.0000,3251.0700,3251.0700,32.6300,14,11,2009-12-16,2011-05-06,218,44.5000,Can't lose,181,True,False,0.1685,0.0025,starts_dec2009,4.8989
14016,EIRE,11303.4100,11303.4100,0.0000,4291.2100,4291.2100,23.7000,11,11,2010-01-08,2011-07-01,162,47.0000,Loyal,219,False,False,0.1307,0.0021,,3.4468
14134,United Kingdom,11123.3500,11123.3500,0.0000,0.0000,0.0000,-0.0000,15,11,2009-12-10,2010-11-22,383,27.0000,Can't lose,225,True,False,0.2314,-0.0000,starts_dec2009,14.1852
15032,United Kingdom,11010.0500,10515.0500,495.0000,4959.1000,2188.5000,495.0000,8,7,2009-12-10,2011-03-28,257,83.0000,Can't lose,229,True,False,0.2516,0.0430,reversed_sale;starts_dec2009,3.0964
14045,United Kingdom,10986.6300,9647.0300,1339.6000,1659.7500,1333.3500,1652.4000,16,14,2010-01-08,2011-08-22,110,36.0000,Loyal,230,False,False,0.2087,0.1307,reversed_sale,3.0556
18260,United Kingdom,9962.1100,9962.1100,0.0000,2643.2000,2643.2000,210.1600,23,22,2009-12-15,2011-06-20,173,19.0000,Loyal,260,True,False,0.1036,0.0207,starts_dec2009,9.1053
17230,United Kingdom,9924.9500,9924.9500,0.0000,3638.4100,3638.4100,229.0400,18,14,2009-12-08,2011-03-20,265,20.0000,Can't lose,265,True,False,0.1775,0.0226,starts_dec2009,13.2500
14828,United Kingdom,9839.4600,9803.4600,36.0000,2139.7600,2139.7600,36.0000,13,13,2009-12-07,2011-05-27,197,43.0000,Can't lose,268,True,False,0.1466,0.0036,reversed_sale;starts_dec2009,4.5814
17504,United Kingdom,9565.1200,9565.1200,0.0000,2997.0300,2997.0300,251.7500,18,15,2010-02-08,2011-05-17,207,35.0000,Can't lose,282,False,False,0.2372,0.0256,,5.9143
14091,United Kingdom,9530.0800,9530.0800,0.0000,0.0000,0.0000,-0.0000,2,2,2010-01-10,2010-02-23,655,44.0000,At risk,283,False,True,0.5792,-0.0000,single_order_dominated,14.8864
14063,United Kingdom,9471.5000,9471.5000,0.0000,0.0000,0.0000,-0.0000,7,7,2009-12-08,2010-01-22,687,6.0000,Can't lose,285,True,False,0.2589,-0.0000,starts_dec2009,114.5000
14439,Greece,9443.0400,9443.0400,0.0000,2661.2400,2661.2400,-0.0000,5,5,2010-01-21,2011-01-24,320,120.0000,Can't lose,288,False,False,0.2818,-0.0000,,2.6667
13162,United Kingdom,9275.4900,9275.4900,0.0000,1688.2900,1688.2900,158.5500,16,16,2009-12-04,2011-08-09,123,38.0000,Loyal,293,True,False,0.1099,0.0168,starts_dec2009,3.2368
16550,United Kingdom,8874.5700,8874.5700,0.0000,2298.9700,1744.3100,256.7600,18,18,2009-12-02,2011-08-23,109,33.0000,Loyal,312,True,False,0.1054,0.0281,starts_dec2009,3.3030
15260,United Kingdom,8767.7300,8767.7300,0.0000,1810.7700,1390.2700,89.8500,25,20,2009-12-06,2011-08-31,101,22.0000,Loyal,316,True,False,0.1870,0.0101,starts_dec2009,4.5909
14160,United Kingdom,8421.4700,8421.4700,0.0000,0.0000,0.0000,-0.0000,7,7,2010-01-10,2010-04-08,611,14.5000,Can't lose,338,False,False,0.4339,-0.0000,,42.1379
13206,United Kingdom,8377.3200,8377.3200,0.0000,0.0000,0.0000,-0.0000,13,12,2009-12-07,2010-11-04,401,21.0000,Can't lose,341,True,False,0.1296,-0.0000,starts_dec2009,19.0952
13715,United Kingdom,8210.6400,8197.7400,12.9000,1079.3400,806.6900,44.9500,17,16,2010-03-11,2011-03-03,282,20.0000,Can't lose,351,False,False,0.1262,0.0054,reversed_sale,14.1000
13869,United Kingdom,8111.5700,8111.5700,0.0000,3104.9500,3104.9500,-0.0000,10,10,2010-01-17,2011-08-08,124,61.0000,Loyal,359,False,False,0.1874,-0.0000,,2.0328
17085,United Kingdom,7883.0100,7873.0600,9.9500,1566.6500,1566.6500,134.0000,28,25,2009-12-06,2011-08-08,124,15.5000,Loyal,373,True,False,0.0902,0.0167,reversed_sale;starts_dec2009,8.0000
12643,France,7849.4200,7849.4200,0.0000,3041.6400,3041.6400,469.5200,11,10,2010-04-07,2011-08-03,129,44.0000,Loyal,375,False,False,0.2820,0.0564,,2.9318
17409,United Kingdom,7793.5100,7793.5100,0.0000,771.8500,771.8500,-0.0000,10,8,2009-12-11,2011-06-08,185,64.0000,Loyal,378,True,False,0.3736,-0.0000,starts_dec2009,2.8906
13082,United Kingdom,7335.7500,7335.7500,0.0000,3613.6300,3613.6300,66.8300,21,16,2009-12-22,2011-08-05,127,29.0000,Loyal,397,True,False,0.1742,0.0090,starts_dec2009,4.3793
18231,United Kingdom,6875.0700,6875.0700,0.0000,2083.2700,2083.2700,32.8000,28,25,2010-01-10,2011-05-31,193,13.0000,Can't lose,423,False,False,0.0976,0.0047,,14.8462
15413,United Kingdom,6798.7200,6798.7200,0.0000,0.0000,0.0000,-0.0000,5,5,2009-12-01,2010-01-17,692,7.0000,Can't lose,430,True,False,0.3593,-0.0000,starts_dec2009,98.8571
14461,United Kingdom,6713.1100,6713.1100,0.0000,2102.6700,2102.6700,15.9000,13,12,2010-01-18,2011-07-14,149,47.0000,Loyal,436,False,False,0.1444,0.0024,,3.1702
13734,United Kingdom,6701.6400,760.1400,5941.5000,0.0000,0.0000,3250.3500,4,3,2010-04-16,2010-07-19,509,47.0000,At risk,440,False,True,0.8956,0.3266,reversed>=50%;reversed_sale;single_order_dominated;high_cancel,10.8298
14154,United Kingdom,6460.7000,6285.5000,175.2000,1345.6200,1345.6200,197.1000,8,6,2010-01-13,2011-04-14,240,97.0000,Can't lose,463,False,False,0.2643,0.0296,reversed_sale,2.4742
13615,United Kingdom,6272.5300,6272.5300,0.0000,417.6900,417.6900,60.3000,8,8,2010-01-28,2011-01-25,319,58.0000,Can't lose,481,False,False,0.2788,0.0095,,5.5000
15369,United Kingdom,6251.2600,6251.2600,0.0000,0.0000,0.0000,2904.8300,11,8,2009-12-08,2010-08-04,493,23.0000,Can't lose,488,True,False,0.5501,0.3173,high_cancel;starts_dec2009,21.4348
13935,United Kingdom,6116.9200,6116.9200,0.0000,0.0000,0.0000,-0.0000,3,3,2010-02-25,2010-04-22,597,28.0000,At risk,500,False,False,0.5517,-0.0000,,21.3214
18178,United Kingdom,6103.7400,6103.7400,0.0000,1590.8100,1590.8100,49.2500,11,11,2010-02-18,2011-08-03,129,50.5000,Loyal,503,False,False,0.2021,0.0080,,2.5545
16456,United Kingdom,6075.5100,6075.5100,0.0000,2158.3700,1370.9700,-0.0000,13,12,2010-03-29,2011-09-01,100,36.0000,Loyal,506,False,False,0.2173,-0.0000,,2.7778
12835,United Kingdom,6043.3100,6043.3100,0.0000,0.0000,0.0000,24.6400,41,37,2009-12-03,2010-10-08,428,7.5000,Can't lose,508,True,False,0.0857,0.0041,starts_dec2009,57.0667
15372,United Kingdom,6017.0600,6017.0600,0.0000,2007.4000,2007.4000,62.6400,8,6,2010-02-14,2011-07-25,138,44.0000,Loyal,514,False,False,0.3336,0.0103,,3.1364
17457,United Kingdom,5984.8100,5984.8100,0.0000,1737.7000,1737.7000,185.8000,14,14,2009-12-07,2011-08-05,127,48.0000,Loyal,519,True,False,0.1369,0.0301,starts_dec2009,2.6458
14918,United Kingdom,5955.8100,5955.8100,0.0000,1610.1500,1610.1500,-0.0000,9,8,2010-04-08,2011-08-16,116,39.0000,Loyal,523,False,False,0.1728,-0.0000,,2.9744
17146,United Kingdom,5860.2400,5860.2400,0.0000,749.7800,749.7800,64.2500,13,13,2010-02-02,2011-08-26,106,30.5000,Loyal,527,False,False,0.1747,0.0108,,3.4754
16320,Unspecified,5628.9900,5628.9900,0.0000,1038.4600,1038.4600,10.2000,6,6,2010-01-27,2011-06-20,173,60.0000,Loyal,552,False,False,0.2465,0.0018,,2.8833
14249,United Kingdom,5625.4600,5625.4600,0.0000,0.0000,0.0000,-0.0000,12,8,2010-01-29,2010-10-25,411,42.0000,Can't lose,553,False,False,0.2473,-0.0000,,9.7857
14210,United Kingdom,5556.5700,5556.5700,0.0000,1905.8400,1600.8900,47.2000,16,15,2010-01-06,2011-08-26,106,34.5000,Loyal,565,False,False,0.1130,0.0084,,3.0725
13593,United Kingdom,5523.6900,5522.0100,1.6800,2037.0800,2037.0800,48.4800,14,13,2010-03-02,2011-08-23,109,46.5000,Loyal,568,False,False,0.1169,0.0087,reversed_sale,2.3441
17204,United Kingdom,5504.6900,5504.6900,0.0000,1564.5600,1564.5600,241.0000,9,7,2010-06-10,2011-06-17,176,51.5000,Loyal,571,False,False,0.3980,0.0419,,3.4175
15641,United Kingdom,5345.5500,5345.5500,0.0000,1887.2000,1887.2000,-0.0000,12,12,2009-12-06,2011-08-26,106,50.0000,Loyal,595,True,False,0.1757,-0.0000,starts_dec2009,2.1200
16546,United Kingdom,5307.0700,5307.0700,0.0000,787.1500,487.7500,886.0300,5,4,2010-09-23,2011-02-22,291,42.0000,Can't lose,599,False,False,0.4418,0.1431,,6.9286
12755,Japan,5236.2600,5049.9000,186.3600,3811.9500,17.5500,2606.7600,11,10,2010-01-15,2011-03-04,281,20.0000,Can't lose,606,False,False,0.7246,0.3324,reversed_sale;high_cancel,14.0500
15812,United Kingdom,5201.4700,5201.4700,0.0000,1801.1400,1801.1400,15.3000,12,12,2009-12-15,2011-08-24,108,44.0000,Loyal,611,True,False,0.2600,0.0029,starts_dec2009,2.4545
14081,United Kingdom,4946.5800,4921.0800,25.5000,934.5200,511.0000,120.0500,10,8,2009-12-10,2011-02-10,303,37.0000,Can't lose,636,True,False,0.1845,0.0237,reversed_sale;starts_dec2009,8.1892
16919,United Kingdom,4927.5600,4898.9100,28.6500,2596.4500,2398.1000,72.1000,24,22,2010-08-19,2011-07-06,157,9.0000,Loyal,637,False,False,0.0699,0.0144,reversed_sale,17.4444
13659,United Kingdom,4894.8800,4894.8800,0.0000,1573.2000,1573.2000,178.2500,12,11,2010-02-17,2011-05-18,206,29.5000,Can't lose,642,False,False,0.2136,0.0351,,6.9831
15332,Lithuania,4892.6800,4892.6800,0.0000,1661.0600,0.0000,-0.0000,6,4,2010-07-14,2010-12-08,367,31.0000,Can't lose,644,False,False,0.3487,-0.0000,,11.8387
15379,United Kingdom,4877.8400,4877.8400,0.0000,3703.2900,3703.2900,71.4000,8,8,2010-11-04,2011-06-23,170,22.0000,Loyal,649,False,False,0.3058,0.0144,,7.7273
13044,United Kingdom,4853.9000,4853.9000,0.0000,560.4700,560.4700,29.7000,11,11,2010-01-08,2011-02-21,292,23.5000,Can't lose,655,False,False,0.1523,0.0061,,12.4255
17829,United Arab Emirates,4756.7400,4756.7400,0.0000,889.2400,889.2400,76.3200,5,5,2010-02-22,2011-02-14,299,82.0000,Can't lose,671,False,False,0.4304,0.0158,,3.6463
13958,United Kingdom,4709.2300,4709.2300,0.0000,0.0000,0.0000,204.4500,8,5,2009-12-05,2010-11-25,380,85.5000,Can't lose,677,True,False,0.4249,0.0416,starts_dec2009,4.4444
14685,United Kingdom,4619.7900,4478.1900,141.6000,0.0000,0.0000,295.4800,8,5,2009-12-13,2010-05-12,577,37.0000,Can't lose,688,True,False,0.3099,0.0601,reversed_sale;starts_dec2009,15.5946
17508,Greece,4579.2300,4579.2300,0.0000,387.3100,387.3100,32.4500,8,8,2009-12-07,2011-03-04,281,54.0000,Can't lose,698,True,False,0.1876,0.0070,starts_dec2009,5.2037
15581,United Kingdom,4547.0100,4424.1100,122.9000,721.6300,449.2900,158.3000,34,26,2009-12-02,2011-07-06,157,12.0000,Loyal,707,True,False,0.3872,0.0336,reversed_sale;starts_dec2009,13.0833
14648,United Kingdom,4543.6000,4543.6000,0.0000,0.0000,0.0000,88.6500,15,13,2009-12-10,2010-10-19,417,21.0000,Can't lose,710,True,False,0.1503,0.0191,starts_dec2009,19.8571
17308,United Kingdom,4511.7600,4511.7600,0.0000,0.0000,0.0000,-0.0000,2,2,2010-09-13,2010-11-11,394,59.0000,At risk,717,False,False,0.8522,-0.0000,,6.6780
14625,United Kingdom,4497.8800,4497.8800,0.0000,899.6300,899.6300,68.7000,11,10,2009-12-16,2011-05-27,197,43.0000,Can't lose,719,True,False,0.1302,0.0150,starts_dec2009,4.5814
15122,United Kingdom,4497.4700,4497.4700,0.0000,1633.7800,1633.7800,36.0500,11,10,2010-03-30,2011-08-17,115,39.0000,Loyal,720,False,False,0.1566,0.0080,,2.9487
18064,United Kingdom,4495.0300,4495.0300,0.0000,814.0000,814.0000,53.8500,11,9,2010-02-01,2011-07-29,134,46.5000,Loyal,721,False,False,0.1793,0.0118,,2.8817
18093,United Kingdom,4452.7100,4452.7100,0.0000,2106.5200,2106.5200,23.1000,8,8,2010-03-31,2011-09-07,94,27.0000,Loyal,728,False,False,0.2362,0.0052,,3.4815
17138,United Kingdom,4417.2700,4417.2700,0.0000,380.5000,380.5000,-0.0000,7,7,2010-02-04,2011-03-09,276,49.5000,Can't lose,732,False,False,0.3913,-0.0000,,5.5758
16749,United Kingdom,4387.0800,4387.0800,0.0000,0.0000,0.0000,-0.0000,2,2,2009-12-15,2010-04-27,592,133.0000,At risk,740,True,False,0.5342,-0.0000,starts_dec2009,4.4511
15633,United Kingdom,4352.4600,4352.4600,0.0000,0.0000,0.0000,179.0500,13,13,2009-12-08,2010-07-18,510,16.5000,Can't lose,749,True,False,0.1561,0.0395,starts_dec2009,30.9091
16072,United Kingdom,4328.8900,4328.8900,0.0000,584.3200,584.3200,-0.0000,4,3,2010-06-08,2011-02-24,289,130.5000,At risk,751,False,False,0.4354,-0.0000,,2.2146
16125,United Kingdom,4298.3000,4298.3000,0.0000,289.3500,0.0000,-0.0000,14,14,2009-12-14,2010-12-07,368,27.0000,Can't lose,759,True,False,0.1605,-0.0000,starts_dec2009,13.6296
16858,United Kingdom,4292.5900,4292.5900,0.0000,375.6900,0.0000,206.8500,10,10,2009-12-15,2010-12-06,369,37.0000,Can't lose,761,True,False,0.2042,0.0460,starts_dec2009,9.9730
17406,United Kingdom,4202.9500,4202.9500,0.0000,2200.4200,1498.3200,312.9500,13,11,2009-12-06,2011-01-10,334,36.5000,Can't lose,784,True,False,0.3565,0.0693,starts_dec2009,9.1507
15002,United Kingdom,4185.6300,4185.6300,0.0000,1641.7600,1010.1100,-0.0000,9,9,2010-01-12,2011-08-16,116,35.5000,Loyal,788,False,False,0.1650,-0.0000,,3.2676
14740,United Kingdom,4161.0600,4161.0600,0.0000,1448.2100,1448.2100,92.2000,11,11,2010-02-25,2011-05-26,198,28.0000,Can't lose,792,False,False,0.1426,0.0217,,7.0714
14025,United Kingdom,4057.9000,4057.9000,0.0000,0.0000,0.0000,88.8000,8,8,2010-05-05,2010-09-01,465,15.0000,Can't lose,813,False,False,0.2740,0.0214,,31.0000
13542,United Kingdom,4006.1700,4006.1700,0.0000,0.0000,0.0000,35.4000,17,17,2009-12-10,2010-11-28,377,19.0000,Can't lose,830,True,False,0.0946,0.0088,starts_dec2009,19.8421
17307,United Kingdom,3999.8900,3999.8900,0.0000,0.0000,0.0000,621.5800,11,11,2010-01-19,2010-11-09,396,28.0000,Can't lose,834,False,False,0.2691,0.1345,,14.1429
14465,United Kingdom,3946.0300,3946.0300,0.0000,1058.6200,1058.6200,-0.0000,11,10,2010-01-07,2011-04-07,247,41.0000,Can't lose,840,False,False,0.2241,-0.0000,,6.0244
13037,United Kingdom,3914.9500,3914.9500,0.0000,881.0700,881.0700,72.4000,12,11,2009-12-03,2011-07-24,139,52.0000,Loyal,846,True,False,0.1903,0.0182,starts_dec2009,2.6731
17646,United Kingdom,3898.7900,3898.7900,0.0000,1008.3900,757.3900,55.6300,12,12,2009-12-16,2011-05-04,220,43.0000,Can't lose,853,True,False,0.1117,0.0141,starts_dec2009,5.1163
13446,United Kingdom,3881.8900,3881.8900,0.0000,0.0000,0.0000,268.6200,11,11,2010-02-14,2010-10-05,431,19.5000,Can't lose,857,False,False,0.1394,0.0647,,22.1026
18073,United Kingdom,3877.5200,3877.5200,0.0000,3877.5200,3877.5200,13.0800,12,10,2011-05-26,2011-08-17,115,11.0000,Loyal,860,False,False,0.2147,0.0034,,10.4545
15823,United Kingdom,3867.1700,3867.1700,0.0000,0.0000,0.0000,819.4100,2,2,2009-12-08,2009-12-10,730,2.0000,At risk,861,True,False,0.9817,0.1748,starts_dec2009,365.0000
14532,United Kingdom,3859.1800,3859.1800,0.0000,932.8500,932.8500,12.7500,11,11,2010-01-10,2011-04-17,237,40.5000,Can't lose,864,False,False,0.1510,0.0033,,5.8519
15704,United Kingdom,3817.9600,3817.9600,0.0000,2293.6200,2293.6200,70.8000,6,5,2010-05-05,2011-07-22,141,64.0000,Loyal,872,False,False,0.2459,0.0182,,2.2031
13357,United Kingdom,3817.3600,3817.3600,0.0000,609.9500,609.9500,-0.0000,5,4,2010-03-22,2011-03-27,258,67.0000,Can't lose,873,False,False,0.4066,-0.0000,,3.8507
16636,United Kingdom,3802.0400,3802.0400,0.0000,0.0000,0.0000,-0.0000,4,4,2010-03-03,2010-09-27,439,48.0000,Can't lose,875,False,False,0.3449,-0.0000,,9.1458
16772,United Kingdom,3723.5500,3723.5500,0.0000,0.0000,0.0000,937.9500,3,3,2009-12-18,2010-10-12,424,149.0000,At risk,894,True,False,0.4626,0.2012,starts_dec2009,2.8456
14364,United Kingdom,3717.3500,3717.3500,0.0000,3717.3500,3717.3500,-0.0000,8,7,2011-05-12,2011-08-23,109,15.0000,Loyal,896,False,False,0.2810,-0.0000,,7.2667
12857,United Kingdom,3688.0000,3688.0000,0.0000,1106.4000,1106.4000,3.7500,6,6,2010-01-25,2011-05-13,211,94.0000,Can't lose,903,False,False,0.3003,0.0010,,2.2447
14770,United Kingdom,3637.6400,3637.6400,0.0000,876.4200,876.4200,12.7500,8,8,2010-02-25,2011-04-21,233,41.0000,Can't lose,913,False,False,0.2574,0.0035,,5.6829
15079,United Kingdom,3625.4000,3625.4000,0.0000,895.6100,753.6600,78.6500,11,8,2009-12-08,2011-05-11,213,80.0000,Can't lose,920,True,False,0.2806,0.0212,starts_dec2009,2.6625
16503,United Kingdom,3614.3400,3614.3400,0.0000,1431.9300,1431.9300,16.4500,11,10,2010-06-21,2011-08-25,107,35.0000,Loyal,923,False,False,0.1660,0.0045,,3.0571
14817,United Kingdom,3609.8600,3609.8600,0.0000,1010.3400,1010.3400,70.6500,7,7,2010-03-22,2011-05-23,201,82.5000,Can't lose,926,False,False,0.1711,0.0192,,2.4364
15222,United Kingdom,3550.9100,3550.9100,0.0000,585.0000,585.0000,135.2500,11,11,2009-12-16,2011-01-25,319,23.0000,Can't lose,944,True,False,0.1647,0.0367,starts_dec2009,13.8696
16336,United Kingdom,3517.6900,3517.6900,0.0000,0.0000,0.0000,-0.0000,4,3,2010-03-18,2010-10-15,421,105.5000,At risk,951,False,False,0.5083,-0.0000,,3.9905
18168,United Kingdom,3506.9700,3503.6700,3.3000,1169.9400,906.6400,83.2000,16,16,2009-12-03,2011-06-16,177,35.0000,Loyal,956,True,False,0.0971,0.0232,reversed_sale;starts_dec2009,5.0571
13929,United Kingdom,3494.1000,3417.6000,76.5000,842.6500,842.6500,176.0000,11,9,2010-01-14,2011-06-23,170,54.5000,Loyal,958,False,False,0.2136,0.0480,reversed_sale,3.1193
17597,United Kingdom,3484.0900,3484.0900,0.0000,2044.3700,2044.3700,58.8000,5,5,2010-05-05,2011-05-10,214,65.5000,Can't lose,961,False,False,0.5868,0.0166,,3.2672
17931,United Kingdom,3437.2900,3429.7900,7.5000,408.3600,408.3600,131.3300,14,11,2010-02-16,2011-07-28,135,38.5000,Loyal,975,False,False,0.1918,0.0368,reversed_sale,3.5065
17876,United Kingdom,3424.0200,3424.0200,0.0000,0.0000,0.0000,-0.0000,3,3,2010-02-02,2010-11-05,400,138.0000,At risk,982,False,False,0.5272,-0.0000,,2.8986
13031,United Kingdom,3419.2700,3419.2700,0.0000,0.0000,0.0000,-0.0000,5,5,2010-06-03,2010-10-28,408,42.0000,Can't lose,984,False,False,0.2861,-0.0000,,9.7143
16067,United Kingdom,3395.2900,3395.2900,0.0000,0.0000,0.0000,369.1000,3,3,2010-02-02,2010-05-26,563,56.5000,At risk,993,False,False,0.5804,0.0981,,9.9646
17723,United Kingdom,3378.4000,3378.4000,0.0000,3276.4000,3276.4000,-0.0000,7,7,2010-11-29,2011-08-04,128,18.0000,Loyal,996,False,False,0.2457,-0.0000,,7.1111
13707,United Kingdom,3365.8600,3365.8600,0.0000,806.4100,806.4100,-0.0000,5,4,2010-06-21,2011-03-17,268,107.0000,Can't lose,998,False,False,0.5464,-0.0000,,2.5047
15538,United Kingdom,3358.4000,3358.4000,0.0000,0.0000,0.0000,331.2500,6,6,2010-02-14,2010-06-20,538,18.0000,Can't lose,1000,False,False,0.3260,0.0898,,29.8889
16351,United Kingdom,3330.0300,3330.0300,0.0000,153.9000,153.9000,50.9000,13,13,2009-12-04,2011-01-11,333,27.0000,Can't lose,1009,True,False,0.1863,0.0151,starts_dec2009,12.3333
13291,United Kingdom,3320.8400,3320.8400,0.0000,361.1100,361.1100,-0.0000,11,11,2010-02-11,2011-07-07,156,32.0000,Loyal,1014,False,False,0.2007,-0.0000,,4.8750
12623,Germany,3315.8400,3315.8400,0.0000,269.1000,269.1000,-0.0000,7,7,2010-01-12,2011-03-08,277,51.5000,Can't lose,1017,False,False,0.4221,-0.0000,,5.3786
12872,United Kingdom,3306.9600,3306.9600,0.0000,599.9700,221.4400,7.1500,12,12,2009-12-03,2011-01-17,327,38.0000,Can't lose,1022,True,False,0.1231,0.0022,starts_dec2009,8.6053
12377,Switzerland,3266.3200,3266.3200,0.0000,1548.1200,1548.1200,-0.0000,4,4,2010-04-29,2011-01-28,316,39.0000,Can't lose,1032,False,False,0.3707,-0.0000,,8.1026
13214,United Kingdom,3264.2300,3264.2300,0.0000,0.0000,0.0000,-0.0000,7,7,2010-03-03,2010-10-18,418,41.5000,Can't lose,1033,False,False,0.5048,-0.0000,,10.0723
15057,United Kingdom,3255.9600,3255.9600,0.0000,1489.5000,1489.5000,71.4000,5,5,2009-12-05,2011-03-09,276,118.5000,Can't lose,1035,True,False,0.3474,0.0215,starts_dec2009,2.3291
14669,United Kingdom,3243.9300,3243.9300,0.0000,1269.9900,1269.9900,-0.0000,7,5,2009-12-02,2011-04-12,242,83.5000,Can't lose,1040,True,False,0.2597,-0.0000,starts_dec2009,2.8982
15625,United Kingdom,3236.4000,3236.4000,0.0000,1534.2600,1534.2600,33.1500,9,9,2010-06-15,2011-08-28,104,51.5000,Loyal,1044,False,False,0.2148,0.0101,,2.0194
13052,United Kingdom,3167.6800,3167.6800,0.0000,348.1500,348.1500,-0.0000,7,6,2010-02-23,2011-05-11,213,49.0000,Can't lose,1065,False,False,0.2385,-0.0000,,4.3469
12976,United Kingdom,3156.3800,3156.3800,0.0000,738.6000,738.6000,-0.0000,8,7,2010-02-12,2011-05-12,212,69.5000,Can't lose,1072,False,False,0.2340,-0.0000,,3.0504
15614,United Kingdom,3147.3600,3147.3600,0.0000,0.0000,0.0000,138.5000,4,3,2010-03-23,2010-09-28,438,94.5000,At risk,1076,False,False,0.4219,0.0422,,4.6349
13786,United Kingdom,3128.5400,3128.5400,0.0000,230.4000,0.0000,15.0000,6,6,2009-12-03,2010-12-07,368,27.0000,Can't lose,1085,True,False,0.2311,0.0048,starts_dec2009,13.6296
17145,United Kingdom,3120.9100,3120.9100,0.0000,0.0000,0.0000,106.2700,4,3,2010-02-19,2010-07-15,513,73.0000,At risk,1087,False,False,0.3910,0.0329,,7.0274
15491,United Kingdom,3100.0900,3100.0900,0.0000,3100.0900,3100.0900,9.2400,6,5,2011-04-18,2011-09-05,96,28.0000,Loyal,1096,False,False,0.3298,0.0030,,3.4286
12469,Thailand,3070.5400,3070.5400,0.0000,0.0000,0.0000,-0.0000,2,2,2010-06-21,2010-07-05,523,14.0000,At risk,1108,False,False,0.6373,-0.0000,,37.3571
13631,United Kingdom,3070.4200,3070.4200,0.0000,3070.4200,3070.4200,48.6500,11,7,2011-03-17,2011-09-01,100,22.5000,Loyal,1109,False,False,0.3094,0.0156,,4.4444
14161,United Kingdom,3035.7300,3035.7300,0.0000,1110.5200,827.3700,-0.0000,7,7,2009-12-13,2011-05-08,216,80.5000,Can't lose,1122,True,False,0.2728,-0.0000,starts_dec2009,2.6832
16718,United Kingdom,3023.7800,3023.7800,0.0000,623.7500,0.0000,-0.0000,5,5,2009-12-06,2010-12-05,370,52.5000,Can't lose,1124,True,False,0.2303,-0.0000,starts_dec2009,7.0476
13485,United Kingdom,3015.2200,3015.2200,0.0000,454.2400,454.2400,61.3000,11,9,2009-12-03,2011-04-20,234,40.0000,Can't lose,1127,True,False,0.2088,0.0199,starts_dec2009,5.8500
12754,Japan,3010.7400,3010.7400,0.0000,3010.7400,3010.7400,-0.0000,3,3,2011-02-04,2011-04-18,236,36.5000,At risk,1129,False,False,0.9795,-0.0000,,6.4658
14590,United Kingdom,3006.6200,3006.6200,0.0000,0.0000,0.0000,122.3300,20,19,2009-12-07,2010-10-11,425,14.0000,Can't lose,1131,True,False,0.1157,0.0391,starts_dec2009,30.3571
12502,Spain,2995.8700,2995.8700,0.0000,2995.8700,2995.8700,-0.0000,5,5,2011-02-03,2011-09-05,96,46.0000,Loyal,1137,False,False,0.2992,-0.0000,,2.0870
14344,United Kingdom,2993.0500,2993.0500,0.0000,889.9300,549.2800,-0.0000,20,20,2010-03-23,2011-08-04,128,19.0000,Loyal,1140,False,False,0.1264,-0.0000,,6.7368
17692,United Kingdom,2960.4400,2960.4400,0.0000,725.5800,725.5800,13.4000,12,11,2010-06-17,2011-08-04,128,35.5000,Loyal,1151,False,False,0.1201,0.0045,,3.6056
16736,United Kingdom,2956.5600,2956.5600,0.0000,0.0000,0.0000,52.0500,5,5,2009-12-03,2010-07-22,506,49.5000,Can't lose,1153,True,False,0.4147,0.0173,starts_dec2009,10.2222
14867,United Kingdom,2952.0600,2952.0600,0.0000,710.2800,710.2800,41.6500,16,15,2009-12-05,2011-06-07,186,27.0000,Loyal,1155,True,False,0.1804,0.0139,starts_dec2009,6.8889
12967,United Kingdom,2938.5200,2938.5200,0.0000,1660.9000,292.5000,466.1500,3,3,2010-11-21,2010-12-16,359,12.5000,At risk,1160,False,False,0.4657,0.1369,,28.7200
17032,United Kingdom,2916.9700,2916.9700,0.0000,0.0000,0.0000,80.0000,5,4,2009-12-10,2010-04-15,604,42.0000,Can't lose,1166,True,False,0.2942,0.0267,starts_dec2009,14.3810
