StockCode,description,customers,repeat_in_window,median_first_value
20726,LUNCH BAG WOODLAND,146,0.7671,398.6750
22417,PACK OF 60 SPACEBOY CAKE CASES,150,0.7533,479.0700
21156,RED SPOTTY CHILDS APRON,143,0.7483,391.4100
84992,72 SWEETHEART FAIRY CAKE CASES,190,0.7368,381.3450
20724,RED SPOTTY CHARLOTTE BAG,141,0.7305,394.6000
21843,RED RETROSPOT CAKE STAND,196,0.7296,454.2050
48187,DOOR MAT NEW ENGLAND,155,0.7290,416.6000
20728,LUNCH BAG CARS BLUE,181,0.7238,389.7800
20725,LUNCH BAG RED SPOTTY,221,0.7195,406.2600
82581,TOILET METAL SIGN,113,0.7168,395.3300
20754,RETRO RED SPOTTY WASHING UP GLOVES,120,0.7167,485.3900
22384,LUNCH BAG PINK RETROSPOT,165,0.7152,369.3000
82494L,WOODEN FRAME ANTIQUE WHITE,170,0.7118,347.4450
22385,JUMBO BAG SPACEBOY DESIGN,110,0.7091,401.1500
22189,CREAM HEART CARD HOLDER,158,0.7089,349.7200
21755,LOVE BUILDING BLOCK WORD,223,0.7085,357.1100
21980,PACK OF 12 RED SPOTTY TISSUES,126,0.7063,419.4550
21976,PACK OF 60 MUSHROOM CAKE CASES,136,0.7059,453.2700
84755,COLOUR GLASS T-LIGHT HOLDER HANGING,163,0.7055,365.8200
20685,DOOR MAT RED SPOT,196,0.7041,433.4100
22558,CLOTHES PEGS RETROSPOT PACK 24,116,0.6983,411.0800
21535,RED RETROSPOT SMALL MILK JUG,148,0.6959,474.0050
21900,"KEY FOB , SHED",114,0.6930,421.4000
82580,BATHROOM METAL SIGN,143,0.6923,384.0900
22090,PAPER BUNTING RETRO SPOTS,214,0.6916,434.5300
22328,ROUND SNACK BOXES SET OF 4 FRUITS,126,0.6905,430.1450
21411,GINGHAM HEART  DOORSTOP RED,100,0.6900,415.3950
21213,PACK OF 72 SKULL CAKE CASES,161,0.6894,389.8100
22326,ROUND SNACK BOXES SET OF4 WOODLAND,128,0.6875,476.8650
22029,SPACEBOY BIRTHDAY CARD,137,0.6861,483.9900
21498,RED SPOTS  WRAP,124,0.6855,457.4950
48194,DOORMAT HEARTS,162,0.6852,373.0900
84970L,SINGLE HEART ZINC T-LIGHT HOLDER,165,0.6848,373.5000
84836,ZINC METAL HEART DECORATION,203,0.6847,346.7500
21891,TRADITIONAL WOODEN SKIPPING ROPE,111,0.6847,391.7200
21533,RETRO SPOT LARGE MILK JUG,129,0.6822,478.5000
21975,PACK OF 60 DINOSAUR CAKE CASES,176,0.6818,397.6300
21918,SET 12 KIDS COLOUR  CHALK STICKS,113,0.6814,453.1000
22083,PAPER CHAIN KIT RETRO SPOT,184,0.6793,439.4500
22464,HANGING METAL HEART LANTERN,106,0.6792,319.2000
22381,TOY TIDY PINK RETROSPOT,109,0.6789,454.6600
20971,PINK BLUE FELT CRAFT TRINKET BOX,149,0.6779,406.5600
22297,HEART IVORY TRELLIS SMALL,124,0.6774,403.1250
21622,VINTAGE UNION JACK CUSHION COVER,127,0.6772,457.7000
22236,CAKE STAND 3 TIER MAGIC GARDEN,101,0.6733,346.9800
84978,HANGING HEART JAR T-LIGHT HOLDER,168,0.6726,355.0700
21928,JUMBO BAG SCANDINAVIAN PAISLEY,125,0.6720,357.0400
85099B,JUMBO BAG RED RETROSPOT,322,0.6708,390.0000
20983,12 PENCILS TALL TUBE RED SPOTTY,103,0.6699,425.6300
22413,METAL SIGN TAKE IT OR LEAVE IT,109,0.6697,469.7000
22084,PAPER CHAIN KIT EMPIRE,142,0.6690,461.8600
21212,PACK OF 72 RETRO SPOT CAKE CASES,406,0.6675,421.3500
84988,SET OF 72 PINK HEART PAPER DOILIES,120,0.6667,407.1400
22178,VICTORIAN GLASS HANGING T-LIGHT,147,0.6667,303.6500
21122,SET/10 PINK SPOTTY PARTY CANDLES,156,0.6667,397.8600
21559,STRAWBERRY LUNCH BOX WITH CUTLERY,116,0.6638,373.5150
21731,RED TOADSTOOL LED NIGHT LIGHT,113,0.6637,369.0700
21078,SET/20 STRAWBERRY PAPER NAPKINS,104,0.6635,357.4850
85123A,WHITE HANGING HEART T-LIGHT HOLDER,657,0.6621,313.7700
84997C,BLUE 3 PIECE MINI DOTS CUTLERY SET,145,0.6621,483.9900
21524,DOOR MAT SPOTTY HOME SWEET HOME,145,0.6621,437.2400
84991,60 TEATIME FAIRY CAKE CASES,284,0.6620,372.2750
22379,RECYCLING BAG RETROSPOT,139,0.6619,454.7000
21429,RED GINGHAM ROSE JEWELLERY BOX,130,0.6615,414.7450
21868,POTTING SHED TEA MUG,118,0.6610,391.7200
21385,IVORY HANGING DECORATION  HEART,100,0.6600,389.4950
20974,12 PENCILS SMALL TUBE SKULL,123,0.6585,377.4600
21080,SET/20 RED SPOTTY PAPER NAPKINS,243,0.6584,401.0800
21527,RED RETROSPOT TRADITIONAL TEAPOT,105,0.6571,565.9000
22469,HEART OF WICKER SMALL,195,0.6564,312.0000
22358,KINGS CHOICE TEA CADDY,110,0.6545,464.9450
47590B,PINK HAPPY BIRTHDAY BUNTING,110,0.6545,446.3600
85152,HAND OVER THE CHOCOLATE   SIGN,133,0.6541,352.1500
22356,"CHARLOTTE BAG , PINK/WHITE SPOTS",127,0.6535,360.5800
22457,NATURAL SLATE HEART CHALKBOARD,222,0.6532,322.2350
21380,WOODEN HAPPY BIRTHDAY GARLAND,121,0.6529,433.5300
84970S,HANGING HEART ZINC T-LIGHT HOLDER,210,0.6524,339.4100
21175,GIN + TONIC DIET METAL SIGN,138,0.6522,422.0250
20718,RED SPOTTY SHOPPER BAG,123,0.6504,438.0300
21232,STRAWBERRY CERAMIC TRINKET BOX,243,0.6502,361.8100
22382,LUNCH BAG SPACEBOY DESIGN,242,0.6488,408.9600
20727,LUNCH BAG  BLACK SKULL.,165,0.6485,369.3000
21733,RED HANGING HEART T-LIGHT HOLDER,216,0.6481,362.6750
21121,SET/10 RED SPOTTY PARTY CANDLES,150,0.6467,462.8150
22027,TEA PARTY BIRTHDAY CARD,113,0.6460,437.2400
21124,SET/10 BLUE SPOTTY PARTY CANDLES,144,0.6458,425.7950
22383,LUNCH BAG SUKI  DESIGN,177,0.6441,390.0000
21210,SET OF 72 RETRO SPOT PAPER  DOILIES,160,0.6438,533.1400
85150,LADIES & GENTLEMEN METAL SIGN,101,0.6436,439.3300
21114,LAVENDER SCENTED FABRIC HEART,126,0.6429,365.4350
47566,PARTY BUNTING,207,0.6425,351.0100
20975,12 PENCILS SMALL TUBE RED SPOTTY,151,0.6424,377.4600
20676,RED SPOTTY BOWL,106,0.6415,440.8100
21754,HOME BUILDING BLOCK WORD,231,0.6407,359.1100
21888,BINGO SET,128,0.6406,424.1550
22617,BAKING SET SPACEBOY DESIGN,199,0.6382,391.7200
21977,PACK OF 60 PINK PAISLEY CAKE CASES,270,0.6370,423.0350
85099C,JUMBO  BAG BAROQUE BLACK WHITE,132,0.6364,346.8550
84077,WORLD WAR 2 GLIDERS ASSTD DESIGNS,115,0.6348,453.0000
22367,CHILDRENS APRON SPACEBOY DESIGN,175,0.6343,405.2300
22411,JUMBO SHOPPER VINTAGE RED PAISLEY,158,0.6329,369.5850
22470,HEART OF WICKER LARGE,212,0.6321,320.3500
21985,PACK OF 12 HEARTS DESIGN TISSUES,144,0.6319,367.3500
85066,CREAM SWEETHEART MINI CHEST,114,0.6316,373.8300
22138,BAKING SET 9 PIECE RETROSPOT,390,0.6308,395.7800
82482,WOODEN PICTURE FRAME WHITE FINISH,127,0.6299,320.5800
84997D,PINK 3 PIECE MINI DOTS CUTLERY SET,116,0.6293,531.0200
22386,JUMBO BAG PINK WITH WHITE SPOTS,169,0.6272,415.6600
85099F,JUMBO BAG STRAWBERRY,158,0.6266,380.1300
22607,WOODEN ROUNDERS GARDEN SET,107,0.6262,365.4800
48138,DOOR MAT UNION FLAG,246,0.6260,430.9450
21621,VINTAGE UNION JACK BUNTING,195,0.6256,412.0800
21770,OPEN CLOSED METAL SIGN,104,0.6250,381.5100
21217,RED SPOTTY ROUND CAKE TINS,136,0.6250,472.5050
22149,FELTCRAFT 6 FLOWER FRIENDS,232,0.6250,406.6550
22087,PAPER BUNTING WHITE LACE,112,0.6250,346.8550
21166,COOK WITH WINE METAL SIGN,109,0.6239,389.1200
21892,TRADITIONAL WOODEN CATCH CUP GAME,109,0.6239,361.3500
48185,DOOR MAT FAIRY CAKE,127,0.6220,390.8500
84879,ASSORTED COLOUR BIRD ORNAMENT,293,0.6212,361.6800
22112,CHOCOLATE HOT WATER BOTTLE,137,0.6204,367.5800
22196,SMALL HEART MEASURING SPOONS,108,0.6204,407.0050
20972,PINK CREAM FELT CRAFT TRINKET BOX,184,0.6196,410.0300
22114,HOT WATER BOTTLE TEA AND SYMPATHY,126,0.6190,433.9500
22150,3 STRIPEY MICE FELTCRAFT,131,0.6183,394.6300
21790,VINTAGE SNAP CARDS,241,0.6183,394.3700
21181,PLEASE ONE PERSON METAL SIGN,167,0.6168,401.2000
22294,HEART FILIGREE DOVE  SMALL,114,0.6140,459.6450
20750,RED/WHITE DOT MINI CASES,137,0.6131,480.4700
20749,ASSORTED COLOUR MINI CASES,124,0.6129,421.0450
21231,SWEETHEART CERAMIC TRINKET BOX,121,0.6116,402.9800
21136,PAINTED METAL PEARS ASSORTED,121,0.6116,365.8200
71459,HANGING JAM JAR T-LIGHT HOLDER,139,0.6115,426.2400
21314,SMALL GLASS HEART TRINKET POT,102,0.6078,390.6900
22423,REGENCY CAKESTAND 3 TIER,358,0.6061,369.2850
21523,DOORMAT FANCY FONT HOME SWEET HOME,104,0.6058,437.2750
84997B,RED 3 PIECE MINI DOTS CUTLERY SET,142,0.6056,459.9400
22507,MEMO BOARD RETROSPOT  DESIGN,109,0.6055,434.9600
84378,SET OF 3 HEART COOKIE CUTTERS,147,0.6054,363.7400
21485,RED SPOT HEART HOT WATER BOTTLE,119,0.6050,402.9600
20914,SET/5 RED SPOTTY LID GLASS BOWLS,192,0.6042,397.4700
21901,"KEY FOB , BACK DOOR",101,0.6040,396.8300
21791,VINTAGE HEADS AND TAILS CARD GAME,195,0.6000,381.0600
22555,PLASTERS IN TIN STRONGMAN,120,0.6000,428.8300
22147,FELTCRAFT BUTTERFLY HEARTS,185,0.6000,371.9100
21931,JUMBO STORAGE BAG SUKI,140,0.6000,360.3200
22499,WOODEN UNION JACK BUNTING,127,0.5984,403.3000
22488,NATURAL SLATE RECTANGLE CHALKBOARD,124,0.5968,417.3600
22195,LARGE HEART MEASURING SPOONS,109,0.5963,402.6600
22271,FELTCRAFT DOLL ROSIE,105,0.5905,412.6800
22219,LOVEBIRD HANGING DECORATION WHITE,105,0.5905,306.1800
22077,6 RIBBONS RUSTIC CHARM,166,0.5904,368.7750
22082,RIBBON REEL STRIPES DESIGN,148,0.5878,386.4700
47591D,PINK FAIRY CAKE CHILD'S APRON,166,0.5843,389.8950
85014B,RED/WHITE DOTS RUFFLED UMBRELLA,119,0.5798,396.9100
22551,PLASTERS IN TIN SPACEBOY,176,0.5795,416.5150
22487,WHITE WOOD GARDEN PLANT LADDER,171,0.5789,355.4400
22197,SMALL POPCORN HOLDER,177,0.5763,349.4000
22139,RETRO SPOT TEA SET CERAMIC 11 PC,268,0.5709,415.8850
21912,VINTAGE SNAKES & LADDERS,128,0.5703,432.7300
22086,PAPER CHAIN KIT 50'S CHRISTMAS,137,0.5693,383.5600
22554,PLASTERS IN TIN WOODLAND ANIMALS,160,0.5687,414.1800
22561,WOODEN SCHOOL COLOURING SET,147,0.5578,458.2700
22111,SCOTTIE DOG HOT WATER BOTTLE,126,0.5556,371.6800
21974,SET OF 36 PAISLEY FLOWER DOILIES,121,0.5537,473.0000
22666,RECIPE BOX PANTRY YELLOW DESIGN,123,0.5528,360.6400
22296,HEART IVORY TRELLIS LARGE,109,0.5505,344.6200
22557,PLASTERS IN TIN VINTAGE PAISLEY,171,0.5497,421.3100
84987,SET OF 36 TEATIME PAPER DOILIES,131,0.5496,404.3000
22273,FELTCRAFT DOLL MOLLY,111,0.5495,355.8600
21034,REX CASH+CARRY JUMBO SHOPPER,264,0.5492,225.6800
72741,GRAND CHOCOLATECANDLE,177,0.5480,386.1900
21889,WOODEN BOX OF DOMINOES,139,0.5468,423.2000
22556,PLASTERS IN TIN CIRCUS PARADE,170,0.5294,377.4750
22624,IVORY KITCHEN SCALES,116,0.5172,373.0650
21260,FIRST AID TIN,122,0.5164,382.7800
22585,PACK OF 6 BIRDY GIFT TAGS,157,0.5159,385.0300
22553,PLASTERS IN TIN SKULLS,135,0.5111,349.5100
22584,PACK OF 6 PANNETONE GIFT BOXES,129,0.4729,383.3200
84946,ANTIQUE SILVER TEA GLASS ETCHED,142,0.4577,308.8500
