Customer ID,country,monetary,monetary_excl_reversed,reversed_value,revenue_FY2,revenue_last_365d,cancel_value,invoices,purchase_days,first_day,last_day,recency_days,usual_gap_days,segment,value_rank,starts_dec2009,single_order_dominated,largest_day_share,cancel_rate,distortion_flags,R,F,M
18102,United Kingdom,580987.0400,579704.6400,1282.4000,248171.7600,231822.6900,2578.4000,145,67,2009-12-01,2011-12-09,1,7.5000,Champions,1,True,False,0.0573,0.0044,reversed_sale;starts_dec2009,5,5,5
14646,Netherlands,526751.5200,526751.5200,0.0000,267410.0000,279138.0200,3548.7800,145,91,2009-12-02,2011-12-08,2,6.0000,Champions,2,True,False,0.0490,0.0067,starts_dec2009,5,5,5
14156,EIRE,303256.4300,302966.4300,290.0000,116729.6300,116407.4300,5294.8700,144,117,2009-12-01,2011-11-30,10,4.0000,Champions,3,True,False,0.1453,0.0172,reversed_sale;starts_dec2009,5,5,5
14911,EIRE,272393.0300,264260.1500,8132.8800,129446.8000,132014.1400,13791.5600,373,247,2009-12-01,2011-12-08,2,2.0000,Champions,4,True,False,0.0371,0.0482,reversed_sale;starts_dec2009,5,5,5
17450,United Kingdom,244944.2500,234793.8100,10150.4400,192988.3900,192521.9500,11140.3400,51,31,2010-09-27,2011-12-01,9,10.5000,Champions,5,False,False,0.2923,0.0435,reversed_sale,5,5,5
13694,United Kingdom,195640.6900,194677.6900,963.0000,61908.4600,64197.5000,5286.6300,143,83,2009-12-04,2011-12-06,4,7.0000,Champions,6,True,False,0.0725,0.0263,reversed_sale;starts_dec2009,5,5,5
17511,United Kingdom,172132.8700,167836.8700,4296.0000,83683.0600,87591.7000,3628.4300,60,51,2009-12-02,2011-12-07,3,14.0000,Champions,7,True,False,0.0556,0.0206,reversed_sale;starts_dec2009,5,5,5
16446,United Kingdom,168472.5000,2.9000,168469.6000,2.9000,168472.5000,168469.6000,2,2,2011-05-18,2011-12-09,1,205.0000,Big spenders,8,False,True,1.0000,0.5000,reversed>=50%;reversed_sale;big_order_reversed(analysis);single_order_dominated;high_cancel,5,2,5
16684,United Kingdom,147142.7700,144129.7700,3013.0000,61251.5800,66653.5600,5612.4800,55,35,2009-12-07,2011-12-05,5,14.5000,Champions,9,True,False,0.1227,0.0367,reversed_sale;starts_dec2009,5,5,5
12415,Australia,144033.3700,143874.7200,158.6500,124564.5300,124564.5300,926.3500,24,19,2010-06-30,2011-11-15,25,27.0000,Champions,10,False,False,0.1626,0.0064,reversed_sale,4,5,5
15061,United Kingdom,126387.5700,126234.9300,152.6400,50638.2800,43104.6400,1405.4400,127,68,2009-12-01,2011-12-06,4,8.0000,Champions,11,True,False,0.0744,0.0110,reversed_sale;starts_dec2009,5,5,5
15311,United Kingdom,114852.0900,114421.1000,430.9900,59591.8300,59143.8300,3227.0600,207,196,2009-12-01,2011-12-09,1,3.0000,Champions,12,True,False,0.0352,0.0273,reversed_sale;starts_dec2009,5,5,5
13089,United Kingdom,113507.2400,113507.2400,0.0000,54144.2100,55595.2100,3523.6700,203,132,2009-12-02,2011-12-07,3,5.0000,Champions,13,True,False,0.0380,0.0301,starts_dec2009,5,5,5
16029,United Kingdom,109794.8700,106307.6700,3487.2000,72882.0900,68610.5700,14904.2400,106,70,2009-12-08,2011-11-01,39,8.0000,Champions,14,True,False,0.1234,0.1195,reversed_sale;starts_dec2009,4,5,5
17949,United Kingdom,107833.4800,104763.5200,3069.9600,55155.7600,56716.4800,9364.4200,116,70,2009-12-02,2011-12-08,2,8.0000,Champions,15,True,False,0.1826,0.0799,reversed_sale;starts_dec2009,5,5,5
12931,United Kingdom,92347.3400,80199.9200,12147.4200,42055.9600,42055.9600,20800.3700,57,43,2009-12-01,2011-11-18,22,11.5000,Champions,16,True,False,0.2062,0.1838,reversed_sale;starts_dec2009,4,5,5
14298,United Kingdom,91194.4900,91154.1700,40.3200,50889.7000,51527.3000,705.1800,82,45,2009-12-11,2011-12-01,9,18.0000,Champions,17,True,False,0.0704,0.0077,reversed_sale;starts_dec2009,5,5,5
15769,United Kingdom,88612.5200,85688.5200,2924.0000,52848.7200,56160.9200,4429.0000,46,40,2009-12-11,2011-12-02,8,16.0000,Champions,18,True,False,0.1136,0.0476,reversed_sale;starts_dec2009,5,5,5
12346,United Kingdom,77352.9600,169.3600,77183.6000,77183.6000,77183.6000,77183.6000,3,3,2010-03-02,2011-01-18,326,161.0000,At risk,19,False,True,0.9978,0.4995,reversed>=50%;reversed_sale;big_order_reversed(analysis);single_order_dominated;high_cancel,2,3,5
13798,United Kingdom,75428.8700,75185.5100,243.3600,35316.6100,36745.8500,2252.8200,110,99,2009-12-08,2011-12-08,2,7.0000,Champions,20,True,False,0.0499,0.0290,reversed_sale;starts_dec2009,5,5,5
15838,United Kingdom,73205.5000,73205.5000,0.0000,33643.0800,32685.5800,466.5700,34,29,2009-12-15,2011-11-28,12,18.5000,Champions,21,True,False,0.2325,0.0063,starts_dec2009,5,5,5
17841,United Kingdom,69317.2100,69217.0100,100.2000,38416.4100,39426.1600,1232.8900,211,193,2009-12-02,2011-12-08,2,4.0000,Champions,22,True,False,0.0145,0.0175,reversed_sale;starts_dec2009,5,5,5
16754,United Kingdom,65500.0700,57108.6300,8391.4400,2002.4000,0.0000,10807.2500,29,19,2010-03-08,2010-12-02,373,11.0000,Can't lose,23,False,False,0.1840,0.1416,reversed_sale,2,5,5
14088,United Kingdom,64036.8000,64036.8000,0.0000,50491.8100,50491.8100,305.1700,16,14,2010-10-14,2011-11-29,11,16.0000,Champions,24,False,False,0.1982,0.0047,,5,5,5
16422,United Kingdom,61718.8200,61718.8200,0.0000,34684.4000,33016.2000,1716.9000,107,90,2010-01-12,2011-11-22,18,7.0000,Champions,25,False,False,0.0381,0.0271,,5,5,5
