Country,revenue,invoices,customers,share,avg_order_value
United Kingdom,16856330.94,36184,5334,0.8556,465.8504
EIRE,623795.85,581,3,0.0317,1073.659
Netherlands,549775.06,216,22,0.0279,2545.2549
Germany,383847.67,753,107,0.0195,509.7579
France,311288.38,598,93,0.0158,520.5491
Australia,167867.51,89,15,0.0085,1886.1518
Spain,97818.07,144,38,0.005,679.2922
Switzerland,94046.89,85,22,0.0048,1106.434
Sweden,86353.04,99,19,0.0044,872.2529
Denmark,67422.69,42,12,0.0034,1605.3021
Belgium,57012.67,143,29,0.0029,398.69
Portugal,47406.87,85,23,0.0024,557.7279
Channel Islands,44040.23,54,13,0.0022,815.5598
Japan,43023.91,33,10,0.0022,1303.7548
Norway,38575.36,39,12,0.002,989.1118
Italy,28951.95,59,17,0.0015,490.711
Finland,25180.1,54,13,0.0013,466.2981
Cyprus,24614.44,35,11,0.0012,703.2697
Austria,20297.01,40,13,0.001,507.4253
Greece,18711.19,18,5,0.0009,1039.5106
Hong Kong,13875.25,9,0,0.0007,1541.6944
Singapore,13158.16,8,1,0.0007,1644.77
Israel,11334.66,10,4,0.0006,1133.466
Unspecified,10936.01,24,6,0.0006,455.6671
United Arab Emirates,10273.23,12,4,0.0005,856.1025
Poland,10214.29,28,6,0.0005,364.7961
USA,7920.01,16,8,0.0004,495.0006
Iceland,4921.53,8,1,0.0002,615.1912
Lithuania,4892.68,6,1,0.0002,815.4467
Malta,4757.34,7,2,0.0002,679.62
Canada,4332.1,7,5,0.0002,618.8714
RSA,3369.03,3,2,0.0002,1123.01
Bahrain,3109.79,10,2,0.0002,310.979
Thailand,3070.54,2,1,0.0002,1535.27
Lebanon,1905.58,2,1,0.0001,952.79
Brazil,1411.87,2,2,0.0001,705.935
Bermuda,1253.14,1,0,0.0001,1253.14
European Community,1159.25,3,1,0.0001,386.4167
Korea,1118.51,2,2,0.0001,559.255
Czech Republic,786.74,2,1,0.0,393.37
West Indies,536.41,1,1,0.0,536.41
Saudi Arabia,145.92,1,1,0.0,145.92
Nigeria,112.57,1,1,0.0,112.57
